,Period,Correlation,Ticker1,Ticker2,20d_Volume1,20d_Volume2,close_SD1,close_SD2,Sector1_basic-materials,Sector1_communication-services,Sector1_consumer-cyclical,Sector1_consumer-defensive,Sector1_energy,Sector1_financial-services,Sector1_healthcare,Sector1_industrials,Sector1_real-estate,Sector1_technology,Sector1_utilities,Sector2_basic-materials,Sector2_communication-services,Sector2_consumer-cyclical,Sector2_consumer-defensive,Sector2_energy,Sector2_financial-services,Sector2_healthcare,Sector2_industrials,Sector2_real-estate,Sector2_technology,Sector2_utilities
0,2024-06-26 00:00:00 : 2024-05-28 00:00:00,0.13313020944012133,A,AAL,2832750.0,41299280.0,3.169536851894597,0.1550322598758263,0,0,0,0,0,0,1,0,0,0,0,0,0,0,0,0,0,0,1,0,0,0
1,2024-06-26 00:00:00 : 2024-05-28 00:00:00,0.24133562415539,AAL,AAP,41299280.0,1917545.0,0.1550322598758263,1.8937662375548443,0,0,0,0,0,0,0,1,0,0,0,0,0,1,0,0,0,0,0,0,0,0
2,2024-06-26 00:00:00 : 2024-05-28 00:00:00,-0.37862534630616024,AAP,AAPL,1917545.0,88396150.0,1.8937662375548443,9.238689177920339,0,0,1,0,0,0,0,0,0,0,0,0,0,0,0,0,0,0,0,0,1,0
3,2024-06-26 00:00:00 : 2024-05-28 00:00:00,0.6682499434841955,AAPL,ABBV,88396150.0,5591725.0,9.238689177920339,5.102004971272256,0,0,0,0,0,0,0,0,0,1,0,0,0,0,0,0,0,1,0,0,0,0
4,2024-06-26 00:00:00 : 2024-05-28 00:00:00,0.7940697392409795,ABBV,ABT,5591725.0,6037030.0,5.102004971272256,1.771487204231231,0,0,0,0,0,0,1,0,0,0,0,0,0,0,0,0,0,1,0,0,0,0
5,2024-06-26 00:00:00 : 2024-05-28 00:00:00,0.4778975898093033,ABT,ACN,6037030.0,4352520.0,1.771487204231231,9.071108525242114,0,0,0,0,0,0,1,0,0,0,0,0,0,0,0,0,0,0,0,0,1,0
6,2024-06-26 00:00:00 : 2024-05-28 00:00:00,0.6740547927932522,ACN,ADBE,4352520.0,4869535.0,9.071108525242114,34.766796523032774,0,0,0,0,0,0,0,0,0,1,0,0,0,0,0,0,0,0,0,0,1,0
7,2024-06-26 00:00:00 : 2024-05-28 00:00:00,-0.4898080041140547,ADBE,ADI,4869535.0,3203135.0,34.766796523032774,3.126451968704671,0,0,0,0,0,0,0,0,0,1,0,0,0,0,0,0,0,0,0,0,1,0
8,2024-06-26 00:00:00 : 2024-05-28 00:00:00,0.12463002485458245,ADI,ADM,3203135.0,4612360.0,3.126451968704671,0.7995055016008151,0,0,0,0,0,0,0,0,0,1,0,0,0,0,1,0,0,0,0,0,0,0
9,2024-06-26 00:00:00 : 2024-05-28 00:00:00,0.46176116494717834,ADM,ADP,4612360.0,1679285.0,0.7995055016008151,3.196679835513767,0,0,0,1,0,0,0,0,0,0,0,0,0,0,0,0,0,0,1,0,0,0
10,2024-06-26 00:00:00 : 2024-05-28 00:00:00,0.11930599338860046,ADP,ADSK,1679285.0,3415030.0,3.196679835513767,14.766795607324642,0,0,0,0,0,0,0,1,0,0,0,0,0,0,0,0,0,0,0,0,1,0
11,2024-06-26 00:00:00 : 2024-05-28 00:00:00,-0.6039111067102453,ADSK,AEE,3415030.0,1564505.0,14.766795607324642,1.2211697275991675,0,0,0,0,0,0,0,0,0,1,0,0,0,0,0,0,0,0,0,0,0,1
12,2024-06-26 00:00:00 : 2024-05-28 00:00:00,0.9447630203312385,AEE,AEP,1564505.0,2588435.0,1.2211697275991675,0.9730011997067368,0,0,0,0,0,0,0,0,0,0,1,0,0,0,0,0,0,0,0,0,0,1
13,2024-06-26 00:00:00 : 2024-05-28 00:00:00,0.6557075638405899,AEP,AES,2588435.0,6976045.0,0.9730011997067368,0.9635896632804811,0,0,0,0,0,0,0,0,0,0,1,0,0,0,0,0,0,0,0,0,0,1
14,2024-06-26 00:00:00 : 2024-05-28 00:00:00,-0.31371231391840665,AES,AFL,6976045.0,2320370.0,0.9635896632804811,0.9672277682862485,0,0,0,0,0,0,0,0,0,0,1,0,0,0,0,0,1,0,0,0,0,0
15,2024-06-26 00:00:00 : 2024-05-28 00:00:00,0.14473808950802194,AFL,AIG,2320370.0,4825155.0,0.9672277682862485,1.554855073197814,0,0,0,0,0,1,0,0,0,0,0,0,0,0,0,0,1,0,0,0,0,0
16,2024-06-26 00:00:00 : 2024-05-28 00:00:00,-0.6118288238462826,AIG,AIV,4825155.0,1090165.0,1.554855073197814,0.09184228400270907,0,0,0,0,0,1,0,0,0,0,0,0,0,0,0,0,0,0,0,1,0,0
17,2024-06-26 00:00:00 : 2024-05-28 00:00:00,-0.03956748911455546,AIV,AIZ,1090165.0,344195.0,0.09184228400270907,2.493856003714584,0,0,0,0,0,0,0,0,1,0,0,0,0,0,0,0,1,0,0,0,0,0
18,2024-06-26 00:00:00 : 2024-05-28 00:00:00,-0.3846147410145724,AIZ,AJG,344195.0,975805.0,2.493856003714584,5.265511060086682,0,0,0,0,0,1,0,0,0,0,0,0,0,0,0,0,1,0,0,0,0,0
19,2024-06-26 00:00:00 : 2024-05-28 00:00:00,-0.6260029202303452,AJG,AKAM,975805.0,1773490.0,5.265511060086682,1.0983202182111034,0,0,0,0,0,1,0,0,0,0,0,0,0,0,0,0,0,0,0,0,1,0
20,2024-06-26 00:00:00 : 2024-05-28 00:00:00,0.7702453774212551,AKAM,ALB,1773490.0,3137315.0,1.0983202182111034,10.57148415946293,0,0,0,0,0,0,0,0,0,1,0,1,0,0,0,0,0,0,0,0,0,0
21,2024-06-26 00:00:00 : 2024-05-28 00:00:00,0.6674878696618674,ALB,ALGN,3137315.0,937725.0,10.57148415946293,8.990425164261206,1,0,0,0,0,0,0,0,0,0,0,0,0,0,0,0,0,1,0,0,0,0
22,2024-06-26 00:00:00 : 2024-05-28 00:00:00,-0.04251034227981328,ALGN,ALK,937725.0,1707975.0,8.990425164261206,0.49378689420509353,0,0,0,0,0,0,1,0,0,0,0,0,0,0,0,0,0,0,1,0,0,0
23,2024-06-26 00:00:00 : 2024-05-28 00:00:00,0.4726874794385828,ALK,ALL,1707975.0,1481810.0,0.49378689420509353,2.467568823683314,0,0,0,0,0,0,0,1,0,0,0,0,0,0,0,0,1,0,0,0,0,0
24,2024-06-26 00:00:00 : 2024-05-28 00:00:00,0.6544059483959919,ALL,ALLE,1481810.0,677550.0,2.467568823683314,1.8262537749193626,0,0,0,0,0,1,0,0,0,0,0,0,0,0,0,0,0,0,1,0,0,0
25,2024-06-26 00:00:00 : 2024-05-28 00:00:00,-0.5749557917152884,ALLE,AMAT,677550.0,5815230.0,1.8262537749193626,10.114372990495218,0,0,0,0,0,0,0,1,0,0,0,0,0,0,0,0,0,0,0,0,1,0
26,2024-06-26 00:00:00 : 2024-05-28 00:00:00,-0.7239434570420807,AMAT,AMD,5815230.0,51820435.0,10.114372990495218,3.577294567255699,0,0,0,0,0,0,0,0,0,1,0,0,0,0,0,0,0,0,0,0,1,0
27,2024-06-26 00:00:00 : 2024-05-28 00:00:00,-0.250053785511358,AMD,AME,51820435.0,1268500.0,3.577294567255699,2.3729087343121402,0,0,0,0,0,0,0,0,0,1,0,0,0,0,0,0,0,0,1,0,0,0
28,2024-06-26 00:00:00 : 2024-05-28 00:00:00,-0.3249235234971266,AME,AMG,1268500.0,334015.0,2.3729087343121402,3.5858477592458815,0,0,0,0,0,0,0,1,0,0,0,0,0,0,0,0,1,0,0,0,0,0
29,2024-06-26 00:00:00 : 2024-05-28 00:00:00,0.44521868188029173,AMG,AMGN,334015.0,2592220.0,3.5858477592458815,5.862555446754462,0,0,0,0,0,1,0,0,0,0,0,0,0,0,0,0,0,1,0,0,0,0
30,2024-06-26 00:00:00 : 2024-05-28 00:00:00,0.6574867365014777,AMGN,AMP,2592220.0,437820.0,5.862555446754462,5.970217884197414,0,0,0,0,0,0,1,0,0,0,0,0,0,0,0,0,1,0,0,0,0,0
31,2024-06-26 00:00:00 : 2024-05-28 00:00:00,-0.18225453784621043,AMP,AMT,437820.0,2504025.0,5.970217884197414,3.247212819854615,0,0,0,0,0,1,0,0,0,0,0,0,0,0,0,0,0,0,0,1,0,0
32,2024-06-26 00:00:00 : 2024-05-28 00:00:00,-0.1699574693358905,AMT,AMZN,2504025.0,39049625.0,3.247212819854615,3.9062632824322514,0,0,0,0,0,0,0,0,1,0,0,0,0,1,0,0,0,0,0,0,0,0
33,2024-06-26 00:00:00 : 2024-05-28 00:00:00,0.5089782635918645,AMZN,ANSS,39049625.0,550925.0,3.9062632824322514,3.3457064324788934,0,0,1,0,0,0,0,0,0,0,0,0,0,0,0,0,0,0,0,0,1,0
34,2024-06-26 00:00:00 : 2024-05-28 00:00:00,0.563114383656744,ANSS,AON,550925.0,1867130.0,3.3457064324788934,7.344223157823085,0,0,0,0,0,0,0,0,0,1,0,0,0,0,0,0,1,0,0,0,0,0
35,2024-06-26 00:00:00 : 2024-05-28 00:00:00,0.7091613822374385,AON,AOS,1867130.0,859955.0,7.344223157823085,1.1600407211078407,0,0,0,0,0,1,0,0,0,0,0,0,0,0,0,0,0,0,1,0,0,0
36,2024-06-26 00:00:00 : 2024-05-28 00:00:00,-0.3107535713377408,AOS,APA,859955.0,6406135.0,1.1600407211078407,0.6783399872076267,0,0,0,0,0,0,0,1,0,0,0,0,0,0,0,1,0,0,0,0,0,0
37,2024-06-26 00:00:00 : 2024-05-28 00:00:00,-0.1824511695293467,APA,APD,6406135.0,2021735.0,0.6783399872076267,6.924276381634439,0,0,0,0,1,0,0,0,0,0,0,1,0,0,0,0,0,0,0,0,0,0
38,2024-06-26 00:00:00 : 2024-05-28 00:00:00,0.34055105943595465,APD,APH,2021735.0,7375480.0,6.924276381634439,1.3504758734693798,1,0,0,0,0,0,0,0,0,0,0,0,0,0,0,0,0,0,0,0,1,0
39,2024-06-26 00:00:00 : 2024-05-28 00:00:00,-0.8012066530759339,APH,APTV,7375480.0,3341140.0,1.3504758734693798,5.037064751547791,0,0,0,0,0,0,0,0,0,1,0,0,0,1,0,0,0,0,0,0,0,0
40,2024-06-26 00:00:00 : 2024-05-28 00:00:00,0.27844889836142156,APTV,ARE,3341140.0,915945.0,5.037064751547791,1.3129568596399932,0,0,1,0,0,0,0,0,0,0,0,0,0,0,0,0,0,0,0,1,0,0
41,2024-06-26 00:00:00 : 2024-05-28 00:00:00,-0.03308561580574917,ARE,AVB,915945.0,662525.0,1.3129568596399932,4.6287766812721856,0,0,0,0,0,0,0,0,1,0,0,0,0,0,0,0,0,0,0,1,0,0
42,2024-06-26 00:00:00 : 2024-05-28 00:00:00,0.7153441904782216,AVB,AVGO,662525.0,5124540.0,4.6287766812721856,162.2260955349259,0,0,0,0,0,0,0,0,1,0,0,0,0,0,0,0,0,0,0,0,1,0
43,2024-06-26 00:00:00 : 2024-05-28 00:00:00,0.25928396266475373,AVGO,AVY,5124540.0,432465.0,162.2260955349259,1.8122386042185725,0,0,0,0,0,0,0,0,0,1,0,0,0,1,0,0,0,0,0,0,0,0
44,2024-06-26 00:00:00 : 2024-05-28 00:00:00,0.7228797274592554,AVY,AWK,432465.0,1105000.0,1.8122386042185725,1.9623625906733222,0,0,1,0,0,0,0,0,0,0,0,0,0,0,0,0,0,0,0,0,0,1
45,2024-06-26 00:00:00 : 2024-05-28 00:00:00,0.12989729905346878,AWK,AXP,1105000.0,2947265.0,1.9623625906733222,4.781468059514193,0,0,0,0,0,0,0,0,0,0,1,0,0,0,0,0,1,0,0,0,0,0
46,2024-06-26 00:00:00 : 2024-05-28 00:00:00,0.02164360041145266,AXP,AYI,2947265.0,303480.0,4.781468059514193,6.772831031613151,0,0,0,0,0,1,0,0,0,0,0,0,0,0,0,0,0,0,1,0,0,0
47,2024-06-26 00:00:00 : 2024-05-28 00:00:00,-0.6515040389345631,AYI,AZO,303480.0,154690.0,6.772831031613151,88.61835338655246,0,0,0,0,0,0,0,1,0,0,0,0,0,1,0,0,0,0,0,0,0,0
48,2024-06-26 00:00:00 : 2024-05-28 00:00:00,-0.444018223620372,AZO,BA,154690.0,5767705.0,88.61835338655246,6.162395882967862,0,0,1,0,0,0,0,0,0,0,0,0,0,0,0,0,0,0,1,0,0,0
49,2024-06-26 00:00:00 : 2024-05-28 00:00:00,0.3692117544362061,BA,BAC,5767705.0,37524560.0,6.162395882967862,0.4299953175506143,0,0,0,0,0,0,0,1,0,0,0,0,0,0,0,0,1,0,0,0,0,0
50,2024-06-26 00:00:00 : 2024-05-28 00:00:00,0.305547242684114,BAC,BAX,37524560.0,4686565.0,0.4299953175506143,0.42907232665557443,0,0,0,0,0,1,0,0,0,0,0,0,0,0,0,0,0,1,0,0,0,0
51,2024-06-26 00:00:00 : 2024-05-28 00:00:00,0.3026705320572186,BAX,BBY,4686565.0,4905980.0,0.42907232665557443,4.391518055812038,0,0,0,0,0,0,1,0,0,0,0,0,0,1,0,0,0,0,0,0,0,0
52,2024-06-26 00:00:00 : 2024-05-28 00:00:00,0.6664463988057433,BBY,BDX,4905980.0,1600635.0,4.391518055812038,4.103369665358266,0,0,1,0,0,0,0,0,0,0,0,0,0,0,0,0,0,1,0,0,0,0
53,2024-06-26 00:00:00 : 2024-05-28 00:00:00,0.2616211969371461,BDX,BEN,1600635.0,3396420.0,4.103369665358266,0.47546070139074736,0,0,0,0,0,0,1,0,0,0,0,0,0,0,0,0,1,0,0,0,0,0
54,2024-06-26 00:00:00 : 2024-05-28 00:00:00,0.9086723756628324,BEN,BHF,3396420.0,411785.0,0.47546070139074736,0.9469424227143561,0,0,0,0,0,1,0,0,0,0,0,0,0,0,0,0,1,0,0,0,0,0
55,2024-06-26 00:00:00 : 2024-05-28 00:00:00,-0.08782832483461185,BHF,BIIB,411785.0,1078310.0,0.9469424227143561,5.096655062145898,0,0,0,0,0,1,0,0,0,0,0,0,0,0,0,0,0,1,0,0,0,0
56,2024-06-26 00:00:00 : 2024-05-28 00:00:00,0.17706507561052437,BIIB,BK,1078310.0,3662495.0,5.096655062145898,0.7351121904665595,0,0,0,0,0,0,1,0,0,0,0,0,0,0,0,0,1,0,0,0,0,0
57,2024-06-26 00:00:00 : 2024-05-28 00:00:00,0.08236609956719262,BK,BLK,3662495.0,603725.0,0.7351121904665595,11.629017105903598,0,0,0,0,0,1,0,0,0,0,0,0,0,0,0,0,1,0,0,0,0,0
58,2024-06-26 00:00:00 : 2024-05-28 00:00:00,0.19186206540072828,BLK,BMY,603725.0,16676705.0,11.629017105903598,0.7536912856788214,0,0,0,0,0,1,0,0,0,0,0,0,0,0,0,0,0,1,0,0,0,0
59,2024-06-26 00:00:00 : 2024-05-28 00:00:00,0.7206311298106041,BMY,BSX,16676705.0,5563005.0,0.7536912856788214,0.8152262416136223,0,0,0,0,0,0,1,0,0,0,0,0,0,0,0,0,0,1,0,0,0,0
60,2024-06-26 00:00:00 : 2024-05-28 00:00:00,-0.647287968082097,BSX,BWA,5563005.0,3394745.0,0.8152262416136223,1.0034108539974997,0,0,0,0,0,0,1,0,0,0,0,0,0,1,0,0,0,0,0,0,0,0
61,2024-06-26 00:00:00 : 2024-05-28 00:00:00,-0.5931806009439425,BWA,BXP,3394745.0,1289260.0,1.0034108539974997,1.368137535153275,0,0,1,0,0,0,0,0,0,0,0,0,0,0,0,0,0,0,0,1,0,0
62,2024-06-26 00:00:00 : 2024-05-28 00:00:00,-0.26723023472351604,BXP,C,1289260.0,11991810.0,1.368137535153275,0.9257582497315894,0,0,0,0,0,0,0,0,1,0,0,0,0,0,0,0,1,0,0,0,0,0
63,2024-06-26 00:00:00 : 2024-05-28 00:00:00,0.6382327645085123,C,CAG,11991810.0,4260460.0,0.9257582497315894,0.5051264382853962,0,0,0,0,0,1,0,0,0,0,0,0,0,0,1,0,0,0,0,0,0,0
64,2024-06-26 00:00:00 : 2024-05-28 00:00:00,-0.48038809194685667,CAG,CAH,4260460.0,2189140.0,0.5051264382853962,2.509927761908741,0,0,0,1,0,0,0,0,0,0,0,0,0,0,0,0,0,1,0,0,0,0
65,2024-06-26 00:00:00 : 2024-05-28 00:00:00,-0.42045677622585104,CAH,CAT,2189140.0,3706335.0,2.509927761908741,4.592734060420814,0,0,0,0,0,0,1,0,0,0,0,0,0,0,0,0,0,0,1,0,0,0
66,2024-06-26 00:00:00 : 2024-05-28 00:00:00,0.5434477076465604,CAT,CB,3706335.0,1462210.0,4.592734060420814,2.695695004050547,0,0,0,0,0,0,0,1,0,0,0,0,0,0,0,0,1,0,0,0,0,0
67,2024-06-26 00:00:00 : 2024-05-28 00:00:00,0.3737325810114788,CB,CBOE,1462210.0,814180.0,2.695695004050547,2.654041256108556,0,0,0,0,0,1,0,0,0,0,0,0,0,0,0,0,1,0,0,0,0,0
68,2024-06-26 00:00:00 : 2024-05-28 00:00:00,0.4497641288685534,CBOE,CCI,814180.0,2587015.0,2.654041256108556,2.5739182685032063,0,0,0,0,0,1,0,0,0,0,0,0,0,0,0,0,0,0,0,1,0,0
69,2024-06-26 00:00:00 : 2024-05-28 00:00:00,-0.12445875631794397,CCI,CCL,2587015.0,34577775.0,2.5739182685032063,0.8201116079672438,0,0,0,0,0,0,0,0,1,0,0,0,0,1,0,0,0,0,0,0,0,0
70,2024-06-26 00:00:00 : 2024-05-28 00:00:00,0.13274383350639687,CCL,CDNS,34577775.0,1724810.0,0.8201116079672438,12.44875508480066,0,0,1,0,0,0,0,0,0,0,0,0,0,0,0,0,0,0,0,0,1,0
71,2024-06-26 00:00:00 : 2024-05-28 00:00:00,-0.8811055023567653,CDNS,CF,1724810.0,2448975.0,12.44875508480066,2.33181844506233,0,0,0,0,0,0,0,0,0,1,0,1,0,0,0,0,0,0,0,0,0,0
72,2024-06-26 00:00:00 : 2024-05-28 00:00:00,-0.11499784093127026,CF,CFG,2448975.0,5147230.0,2.33181844506233,0.41810393511584004,1,0,0,0,0,0,0,0,0,0,0,0,0,0,0,0,1,0,0,0,0,0
73,2024-06-26 00:00:00 : 2024-05-28 00:00:00,-0.06241865896161687,CFG,CHD,5147230.0,1363765.0,0.41810393511584004,1.6989639889135668,0,0,0,0,0,1,0,0,0,0,0,0,0,0,1,0,0,0,0,0,0,0
74,2024-06-26 00:00:00 : 2024-05-28 00:00:00,-0.21818816534261484,CHD,CHK,1363765.0,1597870.0,1.6989639889135668,2.6897466303095556,0,0,0,1,0,0,0,0,0,0,0,0,0,0,0,1,0,0,0,0,0,0
75,2024-06-26 00:00:00 : 2024-05-28 00:00:00,-0.33739849102247343,CHK,CHRW,1597870.0,1681835.0,2.6897466303095556,1.6646025151478954,0,0,0,0,1,0,0,0,0,0,0,0,0,0,0,0,0,0,1,0,0,0
76,2024-06-26 00:00:00 : 2024-05-28 00:00:00,0.755657769436796,CHRW,CHTR,1681835.0,1076015.0,1.6646025151478954,6.002236339810421,0,0,0,0,0,0,0,1,0,0,0,0,1,0,0,0,0,0,0,0,0,0
77,2024-06-26 00:00:00 : 2024-05-28 00:00:00,0.6055548388823552,CHTR,CI,1076015.0,1763830.0,6.002236339810421,3.4062397456954647,0,1,0,0,0,0,0,0,0,0,0,0,0,0,0,0,0,1,0,0,0,0
78,2024-06-26 00:00:00 : 2024-05-28 00:00:00,0.6656567970253114,CI,CINF,1763830.0,614235.0,3.4062397456954647,1.2254196122596137,0,0,0,0,0,0,1,0,0,0,0,0,0,0,0,0,1,0,0,0,0,0
79,2024-06-26 00:00:00 : 2024-05-28 00:00:00,-0.025640864632001614,CINF,CL,614235.0,3892795.0,1.2254196122596137,2.2951191888726483,0,0,0,0,0,1,0,0,0,0,0,0,0,0,1,0,0,0,0,0,0,0
80,2024-06-26 00:00:00 : 2024-05-28 00:00:00,0.8531614075780597,CL,CLX,3892795.0,1323265.0,2.2951191888726483,2.698794065737227,0,0,0,1,0,0,0,0,0,0,0,0,0,0,1,0,0,0,0,0,0,0
81,2024-06-26 00:00:00 : 2024-05-28 00:00:00,-0.5819284633600734,CLX,CMA,1323265.0,3423115.0,2.698794065737227,1.1474944219586132,0,0,0,1,0,0,0,0,0,0,0,0,0,0,0,0,1,0,0,0,0,0
82,2024-06-26 00:00:00 : 2024-05-28 00:00:00,0.6354790279299054,CMA,CMCSA,3423115.0,21096215.0,1.1474944219586132,0.8053746952182456,0,0,0,0,0,1,0,0,0,0,0,0,1,0,0,0,0,0,0,0,0,0
83,2024-06-26 00:00:00 : 2024-05-28 00:00:00,0.5427889839175951,CMCSA,CME,21096215.0,2289370.0,0.8053746952182456,3.5271067010622463,0,1,0,0,0,0,0,0,0,0,0,0,0,0,0,0,1,0,0,0,0,0
84,2024-06-26 00:00:00 : 2024-05-28 00:00:00,-0.6975605783066342,CME,CMG,2289370.0,19678060.0,3.5271067010622463,1.8904393461567883,0,0,0,0,0,1,0,0,0,0,0,0,0,1,0,0,0,0,0,0,0,0
85,2024-06-26 00:00:00 : 2024-05-28 00:00:00,-0.10707536342699926,CMG,CMI,19678060.0,1028455.0,1.8904393461567883,4.663715021479968,0,0,1,0,0,0,0,0,0,0,0,0,0,0,0,0,0,0,1,0,0,0
86,2024-06-26 00:00:00 : 2024-05-28 00:00:00,0.18530219466885386,CMI,CMS,1028455.0,2548785.0,4.663715021479968,1.2258160942945557,0,0,0,0,0,0,0,1,0,0,0,0,0,0,0,0,0,0,0,0,0,1
87,2024-06-26 00:00:00 : 2024-05-28 00:00:00,0.8263679632513707,CMS,CNC,2548785.0,3850040.0,1.2258160942945557,1.3367937838534798,0,0,0,0,0,0,0,0,0,0,1,0,0,0,0,0,0,1,0,0,0,0
88,2024-06-26 00:00:00 : 2024-05-28 00:00:00,-0.46924767086631414,CNC,CNP,3850040.0,5187025.0,1.3367937838534798,0.46799879208448636,0,0,0,0,0,0,1,0,0,0,0,0,0,0,0,0,0,0,0,0,0,1
89,2024-06-26 00:00:00 : 2024-05-28 00:00:00,0.025633287374797958,CNP,COF,5187025.0,2281125.0,0.46799879208448636,1.692937606182123,0,0,0,0,0,0,0,0,0,0,1,0,0,0,0,0,1,0,0,0,0,0
90,2024-06-26 00:00:00 : 2024-05-28 00:00:00,0.12679015780217323,COF,COO,2281125.0,1332415.0,1.692937606182123,2.1332672700624182,0,0,0,0,0,1,0,0,0,0,0,0,0,0,0,0,0,1,0,0,0,0
91,2024-06-26 00:00:00 : 2024-05-28 00:00:00,-0.215248744428028,COO,COP,1332415.0,8029040.0,2.1332672700624182,1.9547129359363158,0,0,0,0,0,0,1,0,0,0,0,0,0,0,0,1,0,0,0,0,0,0
92,2024-06-26 00:00:00 : 2024-05-28 00:00:00,-0.6375970028495765,COP,COST,8029040.0,2003775.0,1.9547129359363158,18.31794012078279,0,0,0,0,1,0,0,0,0,0,0,0,0,0,1,0,0,0,0,0,0,0
93,2024-06-26 00:00:00 : 2024-05-28 00:00:00,-0.8092317992670337,COST,COTY,2003775.0,3663240.0,18.31794012078279,0.1575585469740206,0,0,0,1,0,0,0,0,0,0,0,0,0,0,1,0,0,0,0,0,0,0
94,2024-06-26 00:00:00 : 2024-05-28 00:00:00,0.0029309619166552514,COTY,CPB,3663240.0,3540225.0,0.1575585469740206,0.8380776660235,0,0,0,1,0,0,0,0,0,0,0,0,0,0,1,0,0,0,0,0,0,0
95,2024-06-26 00:00:00 : 2024-05-28 00:00:00,-0.09899034627347361,CPB,CRM,3540225.0,14577330.0,0.8380776660235,9.843710610245619,0,0,0,1,0,0,0,0,0,0,0,0,0,0,0,0,0,0,0,0,1,0
96,2024-06-26 00:00:00 : 2024-05-28 00:00:00,0.18339456037117113,CRM,CSCO,14577330.0,21814580.0,9.843710610245619,0.6243835633945718,0,0,0,0,0,0,0,0,0,1,0,0,0,0,0,0,0,0,0,0,1,0
97,2024-06-26 00:00:00 : 2024-05-28 00:00:00,0.4281585992274273,CSCO,CSX,21814580.0,11569340.0,0.6243835633945718,0.35014980906381715,0,0,0,0,0,0,0,0,0,1,0,0,0,0,0,0,0,0,1,0,0,0
98,2024-06-26 00:00:00 : 2024-05-28 00:00:00,-0.1970191032005446,CSX,CTAS,11569340.0,367855.0,0.35014980906381715,14.936902878658328,0,0,0,0,0,0,0,1,0,0,0,0,0,0,0,0,0,0,1,0,0,0
99,2024-06-26 00:00:00 : 2024-05-28 00:00:00,0.5545080033993448,CTAS,CTSH,367855.0,3582955.0,14.936902878658328,1.3602659322043886,0,0,0,0,0,0,0,1,0,0,0,0,0,0,0,0,0,0,0,0,1,0
100,2024-06-26 00:00:00 : 2024-05-28 00:00:00,0.26033325885863295,CTSH,CVS,3582955.0,12128375.0,1.3602659322043886,1.8737995737515594,0,0,0,0,0,0,0,0,0,1,0,0,0,0,0,0,0,1,0,0,0,0
101,2024-06-26 00:00:00 : 2024-05-28 00:00:00,-0.24088345267693564,CVS,CVX,12128375.0,7802610.0,1.8737995737515594,2.3131085831020477,0,0,0,0,0,0,1,0,0,0,0,0,0,0,0,1,0,0,0,0,0,0
102,2024-06-26 00:00:00 : 2024-05-28 00:00:00,0.43935262391671703,CVX,D,7802610.0,4352460.0,2.3131085831020477,1.5881083043400923,0,0,0,0,1,0,0,0,0,0,0,0,0,0,0,0,0,0,0,0,0,1
103,2024-06-26 00:00:00 : 2024-05-28 00:00:00,0.6989204639849882,D,DAL,4352460.0,7095705.0,1.5881083043400923,0.7448022312014677,0,0,0,0,0,0,0,0,0,0,1,0,0,0,0,0,0,0,1,0,0,0
104,2024-06-26 00:00:00 : 2024-05-28 00:00:00,-0.32183484570684256,DAL,DE,7095705.0,1473825.0,0.7448022312014677,5.268209698042961,0,0,0,0,0,0,0,1,0,0,0,0,0,0,0,0,0,0,1,0,0,0
105,2024-06-26 00:00:00 : 2024-05-28 00:00:00,0.556077507368499,DE,DFS,1473825.0,1281395.0,5.268209698042961,2.2597702332939926,0,0,0,0,0,0,0,1,0,0,0,0,0,0,0,0,1,0,0,0,0,0
106,2024-06-26 00:00:00 : 2024-05-28 00:00:00,-0.3348148642794798,DFS,DG,1281395.0,3025420.0,2.2597702332939926,4.508245023586925,0,0,0,0,0,1,0,0,0,0,0,0,0,0,1,0,0,0,0,0,0,0
107,2024-06-26 00:00:00 : 2024-05-28 00:00:00,0.38829877729069157,DG,DGX,3025420.0,796365.0,4.508245023586925,1.8224326034448328,0,0,0,1,0,0,0,0,0,0,0,0,0,0,0,0,0,1,0,0,0,0
108,2024-06-26 00:00:00 : 2024-05-28 00:00:00,0.4221376232096758,DGX,DHI,796365.0,2256660.0,1.8224326034448328,2.35131339674608,0,0,0,0,0,0,1,0,0,0,0,0,0,1,0,0,0,0,0,0,0,0
109,2024-06-26 00:00:00 : 2024-05-28 00:00:00,0.22032571981560628,DHI,DHR,2256660.0,3567195.0,2.35131339674608,5.284651814060427,0,0,1,0,0,0,0,0,0,0,0,0,0,0,0,0,0,1,0,0,0,0
110,2024-06-26 00:00:00 : 2024-05-28 00:00:00,0.0508953036664983,DHR,DIS,3567195.0,9026465.0,5.284651814060427,0.9688449206933392,0,0,0,0,0,0,1,0,0,0,0,0,1,0,0,0,0,0,0,0,0,0
111,2024-06-26 00:00:00 : 2024-05-28 00:00:00,-0.41449855157823434,DIS,DLR,9026465.0,1524260.0,0.9688449206933392,2.3544068904834345,0,1,0,0,0,0,0,0,0,0,0,0,0,0,0,0,0,0,0,1,0,0
112,2024-06-26 00:00:00 : 2024-05-28 00:00:00,-0.6584961957192579,DLR,DLTR,1524260.0,3447935.0,2.3544068904834345,4.848543731300716,0,0,0,0,0,0,0,0,1,0,0,0,0,0,1,0,0,0,0,0,0,0
113,2024-06-26 00:00:00 : 2024-05-28 00:00:00,0.09220556859611091,DLTR,DOV,3447935.0,1123945.0,4.848543731300716,2.2282996740418755,0,0,0,1,0,0,0,0,0,0,0,0,0,0,0,0,0,0,1,0,0,0
114,2024-06-26 00:00:00 : 2024-05-28 00:00:00,0.39445001172723904,DOV,DRI,1123945.0,1344780.0,2.2282996740418755,2.5726635655696573,0,0,0,0,0,0,0,1,0,0,0,0,0,1,0,0,0,0,0,0,0,0
115,2024-06-26 00:00:00 : 2024-05-28 00:00:00,-0.24857713641250365,DRI,DTE,1344780.0,1041470.0,2.5726635655696573,1.9592720646504387,0,0,1,0,0,0,0,0,0,0,0,0,0,0,0,0,0,0,0,0,0,1
116,2024-06-26 00:00:00 : 2024-05-28 00:00:00,0.9151632853016373,DTE,DUK,1041470.0,2702790.0,1.9592720646504387,1.3769075452693518,0,0,0,0,0,0,0,0,0,0,1,0,0,0,0,0,0,0,0,0,0,1
117,2024-06-26 00:00:00 : 2024-05-28 00:00:00,0.3180579363545118,DUK,DVA,2702790.0,1072335.0,1.3769075452693518,2.1264106944380083,0,0,0,0,0,0,0,0,0,0,1,0,0,0,0,0,0,1,0,0,0,0
118,2024-06-26 00:00:00 : 2024-05-28 00:00:00,0.6433227348329194,DVA,DVN,1072335.0,7128165.0,2.1264106944380083,0.8398243632311565,0,0,0,0,0,0,1,0,0,0,0,0,0,0,0,1,0,0,0,0,0,0
119,2024-06-26 00:00:00 : 2024-05-28 00:00:00,-0.40993631018439103,DVN,DXC,7128165.0,4175530.0,0.8398243632311565,1.447811875195175,0,0,0,0,1,0,0,0,0,0,0,0,0,0,0,0,0,0,0,0,1,0
120,2024-06-26 00:00:00 : 2024-05-28 00:00:00,0.6513847593767125,DXC,EA,4175530.0,2284415.0,1.447811875195175,2.7009766135063864,0,0,0,0,0,0,0,0,0,1,0,0,1,0,0,0,0,0,0,0,0,0
121,2024-06-26 00:00:00 : 2024-05-28 00:00:00,0.38272567101240834,EA,EBAY,2284415.0,5311940.0,2.7009766135063864,0.6177253700954772,0,1,0,0,0,0,0,0,0,0,0,0,0,1,0,0,0,0,0,0,0,0
122,2024-06-26 00:00:00 : 2024-05-28 00:00:00,0.35824633512740295,EBAY,ECL,5311940.0,1260445.0,0.6177253700954772,5.053051685459437,0,0,1,0,0,0,0,0,0,0,0,1,0,0,0,0,0,0,0,0,0,0
123,2024-06-26 00:00:00 : 2024-05-28 00:00:00,-0.6481995439174563,ECL,ED,1260445.0,2089135.0,5.053051685459437,1.3320445788616277,1,0,0,0,0,0,0,0,0,0,0,0,0,0,0,0,0,0,0,0,0,1
124,2024-06-26 00:00:00 : 2024-05-28 00:00:00,-0.5673465837886079,ED,EFX,2089135.0,769810.0,1.3320445788616277,4.73767890077948,0,0,0,0,0,0,0,0,0,0,1,0,0,0,0,0,0,0,1,0,0,0
125,2024-06-26 00:00:00 : 2024-05-28 00:00:00,-0.45594112256800895,EFX,EIX,769810.0,1881650.0,4.73767890077948,1.6491443614854417,0,0,0,0,0,0,0,1,0,0,0,0,0,0,0,0,0,0,0,0,0,1
126,2024-06-26 00:00:00 : 2024-05-28 00:00:00,0.8813360197293314,EIX,EL,1881650.0,2690970.0,1.6491443614854417,4.388812100165903,0,0,0,0,0,0,0,0,0,0,1,0,0,0,1,0,0,0,0,0,0,0
127,2024-06-26 00:00:00 : 2024-05-28 00:00:00,0.0395773332763735,EL,EMN,2690970.0,984075.0,4.388812100165903,2.0762226385244884,0,0,0,1,0,0,0,0,0,0,0,1,0,0,0,0,0,0,0,0,0,0
128,2024-06-26 00:00:00 : 2024-05-28 00:00:00,0.14324848417789676,EMN,EMR,984075.0,2327940.0,2.0762226385244884,1.5431553105679365,1,0,0,0,0,0,0,0,0,0,0,0,0,0,0,0,0,0,1,0,0,0
129,2024-06-26 00:00:00 : 2024-05-28 00:00:00,0.29353317332973683,EMR,EOG,2327940.0,3122680.0,1.5431553105679365,2.0896767041858,0,0,0,0,0,0,0,1,0,0,0,0,0,0,0,1,0,0,0,0,0,0
130,2024-06-26 00:00:00 : 2024-05-28 00:00:00,-0.6068082590911864,EOG,EQIX,3122680.0,489135.0,2.0896767041858,7.6335744762992315,0,0,0,0,1,0,0,0,0,0,0,0,0,0,0,0,0,0,0,1,0,0
131,2024-06-26 00:00:00 : 2024-05-28 00:00:00,-0.2173058655133362,EQIX,EQR,489135.0,1899480.0,7.6335744762992315,1.533199650368198,0,0,0,0,0,0,0,0,1,0,0,0,0,0,0,0,0,0,0,1,0,0
132,2024-06-26 00:00:00 : 2024-05-28 00:00:00,-0.8565915854033043,EQR,EQT,1899480.0,6962185.0,1.533199650368198,1.373301109075753,0,0,0,0,0,0,0,0,1,0,0,0,0,0,0,1,0,0,0,0,0,0
133,2024-06-26 00:00:00 : 2024-05-28 00:00:00,0.5999089129605802,EQT,ES,6962185.0,2053875.0,1.373301109075753,1.0228451596540824,0,0,0,0,1,0,0,0,0,0,0,0,0,0,0,0,0,0,0,0,0,1
134,2024-06-26 00:00:00 : 2024-05-28 00:00:00,-0.2214998956030187,ES,ESS,2053875.0,353075.0,1.0228451596540824,8.637649868944667,0,0,0,0,0,0,0,0,0,0,1,0,0,0,0,0,0,0,0,1,0,0
135,2024-06-26 00:00:00 : 2024-05-28 00:00:00,-0.3189701031270184,ESS,ETN,353075.0,2248280.0,8.637649868944667,5.951865043683407,0,0,0,0,0,0,0,0,1,0,0,0,0,0,0,0,0,0,1,0,0,0
136,2024-06-26 00:00:00 : 2024-05-28 00:00:00,-0.0008459881381397436,ETN,ETR,2248280.0,1864330.0,5.951865043683407,2.0187358588619224,0,0,0,0,0,0,0,1,0,0,0,0,0,0,0,0,0,0,0,0,0,1
137,2024-06-26 00:00:00 : 2024-05-28 00:00:00,-0.4356064924764528,ETR,EW,1864330.0,2714555.0,2.0187358588619224,1.5107615533071745,0,0,0,0,0,0,0,0,0,0,1,0,0,0,0,0,0,1,0,0,0,0
138,2024-06-26 00:00:00 : 2024-05-28 00:00:00,-0.5968719606467336,EW,EXC,2714555.0,8441775.0,1.5107615533071745,0.9179973965989022,0,0,0,0,0,0,1,0,0,0,0,0,0,0,0,0,0,0,0,0,0,1
139,2024-06-26 00:00:00 : 2024-05-28 00:00:00,-0.5623927974803842,EXC,EXPD,8441775.0,1761220.0,0.9179973965989022,2.5344588531938235,0,0,0,0,0,0,0,0,0,0,1,0,0,0,0,0,0,0,1,0,0,0
140,2024-06-26 00:00:00 : 2024-05-28 00:00:00,0.8306247327287029,EXPD,EXPE,1761220.0,2018260.0,2.5344588531938235,6.063732142120414,0,0,0,0,0,0,0,1,0,0,0,0,0,1,0,0,0,0,0,0,0,0
141,2024-06-26 00:00:00 : 2024-05-28 00:00:00,0.9082907276782699,EXPE,EXR,2018260.0,1023445.0,6.063732142120414,6.2318817863094536,0,0,1,0,0,0,0,0,0,0,0,0,0,0,0,0,0,0,0,1,0,0
142,2024-06-26 00:00:00 : 2024-05-28 00:00:00,0.06871210683662024,EXR,F,1023445.0,45726015.0,6.2318817863094536,0.19448057158574744,0,0,0,0,0,0,0,0,1,0,0,0,0,1,0,0,0,0,0,0,0,0
143,2024-06-26 00:00:00 : 2024-05-28 00:00:00,-0.12769388791432104,F,FAST,45726015.0,3560610.0,0.19448057158574744,0.7422729674301856,0,0,1,0,0,0,0,0,0,0,0,0,0,0,0,0,0,0,1,0,0,0
144,2024-06-26 00:00:00 : 2024-05-28 00:00:00,0.32704818486077375,FAST,FCX,3560610.0,12617815.0,0.7422729674301856,1.5740300863512158,0,0,0,0,0,0,0,1,0,0,0,1,0,0,0,0,0,0,0,0,0,0
145,2024-06-26 00:00:00 : 2024-05-28 00:00:00,-0.041706056163721195,FCX,FDX,12617815.0,2157530.0,1.5740300863512158,10.502165650532248,1,0,0,0,0,0,0,0,0,0,0,0,0,0,0,0,0,0,1,0,0,0
146,2024-06-26 00:00:00 : 2024-05-28 00:00:00,-0.17942156788924982,FDX,FE,2157530.0,2401780.0,10.502165650532248,0.6390025520105037,0,0,0,0,0,0,0,1,0,0,0,0,0,0,0,0,0,0,0,0,0,1
147,2024-06-26 00:00:00 : 2024-05-28 00:00:00,-0.37212877836310176,FE,FFIV,2401780.0,586940.0,0.6390025520105037,1.221385706068238,0,0,0,0,0,0,0,0,0,0,1,0,0,0,0,0,0,0,0,0,1,0
148,2024-06-26 00:00:00 : 2024-05-28 00:00:00,-0.22805792770081282,FFIV,FIS,586940.0,4563270.0,1.221385706068238,0.8834018620068684,0,0,0,0,0,0,0,0,0,1,0,0,0,0,0,0,0,0,0,0,1,0
149,2024-06-26 00:00:00 : 2024-05-28 00:00:00,-0.36172111097449533,FIS,FITB,4563270.0,4335940.0,0.8834018620068684,0.5179001672651575,0,0,0,0,0,0,0,0,0,1,0,0,0,0,0,0,1,0,0,0,0,0
150,2024-06-26 00:00:00 : 2024-05-28 00:00:00,0.6111426407108519,FITB,FL,4335940.0,3510255.0,0.5179001672651575,1.2454376501514237,0,0,0,0,0,1,0,0,0,0,0,0,0,1,0,0,0,0,0,0,0,0
151,2024-06-26 00:00:00 : 2024-05-28 00:00:00,0.04543861121580166,FL,FLR,3510255.0,1557000.0,1.2454376501514237,0.9767470713474585,0,0,1,0,0,0,0,0,0,0,0,0,0,0,0,0,0,0,1,0,0,0
152,2024-06-26 00:00:00 : 2024-05-28 00:00:00,-0.47410846612191043,FLR,FLS,1557000.0,972220.0,0.9767470713474585,0.6882979838882076,0,0,0,0,0,0,0,1,0,0,0,0,0,0,0,0,0,0,1,0,0,0
153,2024-06-26 00:00:00 : 2024-05-28 00:00:00,0.707027692281042,FLS,FMC,972220.0,2524855.0,0.6882979838882076,1.9268901256285393,0,0,0,0,0,0,0,1,0,0,0,1,0,0,0,0,0,0,0,0,0,0
154,2024-06-26 00:00:00 : 2024-05-28 00:00:00,0.27131092454004113,FMC,FOX,2524855.0,1227575.0,1.9268901256285393,0.4732374381669492,1,0,0,0,0,0,0,0,0,0,0,0,1,0,0,0,0,0,0,0,0,0
155,2024-06-26 00:00:00 : 2024-05-28 00:00:00,0.9866457226425888,FOX,FOXA,1227575.0,3104070.0,0.4732374381669492,0.5139551537404441,0,1,0,0,0,0,0,0,0,0,0,0,1,0,0,0,0,0,0,0,0,0
156,2024-06-26 00:00:00 : 2024-05-28 00:00:00,0.030903193093937093,FOXA,FRT,3104070.0,504905.0,0.5139551537404441,1.081063015468398,0,1,0,0,0,0,0,0,0,0,0,0,0,0,0,0,0,0,0,1,0,0
157,2024-06-26 00:00:00 : 2024-05-28 00:00:00,-0.6986221610490201,FRT,FTI,504905.0,3432450.0,1.081063015468398,0.6576281276529877,0,0,0,0,0,0,0,0,1,0,0,0,0,0,0,1,0,0,0,0,0,0
158,2024-06-26 00:00:00 : 2024-05-28 00:00:00,0.4963666053103208,FTI,FTV,3432450.0,1588645.0,0.6576281276529877,0.472724876785363,0,0,0,0,1,0,0,0,0,0,0,0,0,0,0,0,0,0,0,0,1,0
159,2024-06-26 00:00:00 : 2024-05-28 00:00:00,0.41062643644561503,FTV,GD,1588645.0,872860.0,0.472724876785363,2.591588405180362,0,0,0,0,0,0,0,0,0,1,0,0,0,0,0,0,0,0,1,0,0,0
160,2024-06-26 00:00:00 : 2024-05-28 00:00:00,0.5872610943446315,GD,GE,872860.0,6295820.0,2.591588405180362,2.588170085338435,0,0,0,0,0,0,0,1,0,0,0,0,0,0,0,0,0,0,1,0,0,0
161,2024-06-26 00:00:00 : 2024-05-28 00:00:00,0.0019020107728629791,GE,GILD,6295820.0,9755720.0,2.588170085338435,2.51721668401716,0,0,0,0,0,0,0,1,0,0,0,0,0,0,0,0,0,1,0,0,0,0
162,2024-06-26 00:00:00 : 2024-05-28 00:00:00,-0.05351672220806076,GILD,GIS,9755720.0,4632350.0,2.51721668401716,1.0573858580556907,0,0,0,0,0,0,1,0,0,0,0,0,0,0,1,0,0,0,0,0,0,0
163,2024-06-26 00:00:00 : 2024-05-28 00:00:00,-0.039800959184087235,GIS,GLW,4632350.0,8115200.0,1.0573858580556907,1.2838468825444154,0,0,0,1,0,0,0,0,0,0,0,0,0,0,0,0,0,0,0,0,1,0
164,2024-06-26 00:00:00 : 2024-05-28 00:00:00,0.6224912500660402,GLW,GM,8115200.0,16820385.0,1.2838468825444154,1.57942181416986,0,0,0,0,0,0,0,0,0,1,0,0,0,1,0,0,0,0,0,0,0,0
165,2024-06-26 00:00:00 : 2024-05-28 00:00:00,0.32114044743238723,GM,GOOG,16820385.0,18864420.0,1.57942181416986,3.134211842847755,0,0,1,0,0,0,0,0,0,0,0,0,1,0,0,0,0,0,0,0,0,0
166,2024-06-26 00:00:00 : 2024-05-28 00:00:00,0.9974142131853682,GOOG,GOOGL,18864420.0,24802885.0,3.134211842847755,3.1316765607281987,0,1,0,0,0,0,0,0,0,0,0,0,1,0,0,0,0,0,0,0,0,0
167,2024-06-26 00:00:00 : 2024-05-28 00:00:00,-0.4987137956917858,GOOGL,GPC,24802885.0,873525.0,3.1316765607281987,2.3121612413916357,0,1,0,0,0,0,0,0,0,0,0,0,0,1,0,0,0,0,0,0,0,0
168,2024-06-26 00:00:00 : 2024-05-28 00:00:00,0.4833262954376172,GPC,GPN,873525.0,2758395.0,2.3121612413916357,2.502655234770439,0,0,1,0,0,0,0,0,0,0,0,0,0,0,0,0,0,0,1,0,0,0
169,2024-06-26 00:00:00 : 2024-05-28 00:00:00,0.05023108661311326,GPN,GPS,2758395.0,11618355.0,2.502655234770439,1.6990396971665827,0,0,0,0,0,0,0,1,0,0,0,0,0,1,0,0,0,0,0,0,0,0
170,2024-06-26 00:00:00 : 2024-05-28 00:00:00,0.38509234954692423,GPS,GRMN,11618355.0,638970.0,1.6990396971665827,1.4121757085105333,0,0,1,0,0,0,0,0,0,0,0,0,0,0,0,0,0,0,0,0,1,0
171,2024-06-26 00:00:00 : 2024-05-28 00:00:00,0.2193974574361525,GRMN,GS,638970.0,1979020.0,1.4121757085105333,4.928935919749035,0,0,0,0,0,0,0,0,0,1,0,0,0,0,0,0,1,0,0,0,0,0
172,2024-06-26 00:00:00 : 2024-05-28 00:00:00,-0.0021623951413605423,GS,GT,1979020.0,2109080.0,4.928935919749035,0.43742548191768466,0,0,0,0,0,1,0,0,0,0,0,0,0,1,0,0,0,0,0,0,0,0
173,2024-06-26 00:00:00 : 2024-05-28 00:00:00,-0.5788940627097525,GT,GWW,2109080.0,279595.0,0.43742548191768466,12.75943287743681,0,0,1,0,0,0,0,0,0,0,0,0,0,0,0,0,0,0,1,0,0,0
174,2024-06-26 00:00:00 : 2024-05-28 00:00:00,0.0688581378639015,GWW,HAL,279595.0,9658235.0,12.75943287743681,0.9643886119826002,0,0,0,0,0,0,0,1,0,0,0,0,0,0,0,1,0,0,0,0,0,0
175,2024-06-26 00:00:00 : 2024-05-28 00:00:00,-0.12347046451077652,HAL,HAS,9658235.0,2384560.0,0.9643886119826002,1.430571221385415,0,0,0,0,1,0,0,0,0,0,0,0,0,1,0,0,0,0,0,0,0,0
176,2024-06-26 00:00:00 : 2024-05-28 00:00:00,-0.20594363816835115,HAS,HBAN,2384560.0,20053015.0,1.430571221385415,0.5261774378752088,0,0,1,0,0,0,0,0,0,0,0,0,0,0,0,0,1,0,0,0,0,0
177,2024-06-26 00:00:00 : 2024-05-28 00:00:00,0.30206480676886927,HBAN,HBI,20053015.0,6336710.0,0.5261774378752088,0.1561377727943786,0,0,0,0,0,1,0,0,0,0,0,0,0,1,0,0,0,0,0,0,0,0
178,2024-06-26 00:00:00 : 2024-05-28 00:00:00,0.10838285473155553,HBI,HCA,6336710.0,1046705.0,0.1561377727943786,3.906297924633188,0,0,1,0,0,0,0,0,0,0,0,0,0,0,0,0,0,1,0,0,0,0
179,2024-06-26 00:00:00 : 2024-05-28 00:00:00,0.032989747645568286,HCA,HCP,1046705.0,4108090.0,3.906297924633188,0.15615003313813844,0,0,0,0,0,0,1,0,0,0,0,0,0,0,0,0,0,0,0,0,1,0
180,2024-06-26 00:00:00 : 2024-05-28 00:00:00,-0.4157484050947668,HCP,HD,4108090.0,3692280.0,0.15615003313813844,9.980560010473548,0,0,0,0,0,0,0,0,0,1,0,0,0,1,0,0,0,0,0,0,0,0
181,2024-06-26 00:00:00 : 2024-05-28 00:00:00,-0.5191018620639138,HD,HES,3692280.0,2054000.0,9.980560010473548,2.6352605703611367,0,0,1,0,0,0,0,0,0,0,0,0,0,0,0,1,0,0,0,0,0,0
182,2024-06-26 00:00:00 : 2024-05-28 00:00:00,0.40045354500627084,HES,HIG,2054000.0,1384220.0,2.6352605703611367,1.5815795456813921,0,0,0,0,1,0,0,0,0,0,0,0,0,0,0,0,1,0,0,0,0,0
183,2024-06-26 00:00:00 : 2024-05-28 00:00:00,0.4999195648870007,HIG,HII,1384220.0,279040.0,1.5815795456813921,3.997644749709595,0,0,0,0,0,1,0,0,0,0,0,0,0,0,0,0,0,0,1,0,0,0
184,2024-06-26 00:00:00 : 2024-05-28 00:00:00,-0.37296266988873106,HII,HLT,279040.0,1714110.0,3.997644749709595,7.221279075248729,0,0,0,0,0,0,0,1,0,0,0,0,0,1,0,0,0,0,0,0,0,0
185,2024-06-26 00:00:00 : 2024-05-28 00:00:00,-0.693487712914286,HLT,HOG,1714110.0,1524285.0,7.221279075248729,1.0204620715196484,0,0,1,0,0,0,0,0,0,0,0,0,0,1,0,0,0,0,0,0,0,0
186,2024-06-26 00:00:00 : 2024-05-28 00:00:00,0.6927158088674491,HOG,HOLX,1524285.0,1312650.0,1.0204620715196484,1.111180627714554,0,0,1,0,0,0,0,0,0,0,0,0,0,0,0,0,0,1,0,0,0,0
187,2024-06-26 00:00:00 : 2024-05-28 00:00:00,-0.3106123322079386,HOLX,HON,1312650.0,2993920.0,1.111180627714554,4.941300869036186,0,0,0,0,0,0,1,0,0,0,0,0,0,0,0,0,0,0,1,0,0,0
188,2024-06-26 00:00:00 : 2024-05-28 00:00:00,-0.6708627317290268,HON,HP,2993920.0,1129800.0,4.941300869036186,1.2857881322257991,0,0,0,0,0,0,0,1,0,0,0,0,0,0,0,1,0,0,0,0,0,0
189,2024-06-26 00:00:00 : 2024-05-28 00:00:00,-0.7874983960250171,HP,HPE,1129800.0,28943685.0,1.2857881322257991,1.4084362035190372,0,0,0,0,1,0,0,0,0,0,0,0,0,0,0,0,0,0,0,0,1,0
190,2024-06-26 00:00:00 : 2024-05-28 00:00:00,0.2263038402734932,HPE,HPQ,28943685.0,11643295.0,1.4084362035190372,0.9932802088016861,0,0,0,0,0,0,0,0,0,1,0,0,0,0,0,0,0,0,0,0,1,0
191,2024-06-26 00:00:00 : 2024-05-28 00:00:00,-0.02425224607660352,HPQ,HRB,11643295.0,1057295.0,0.9932802088016861,1.4162748368569709,0,0,0,0,0,0,0,0,0,1,0,0,0,1,0,0,0,0,0,0,0,0
192,2024-06-26 00:00:00 : 2024-05-28 00:00:00,-0.32812132337618477,HRB,HRL,1057295.0,3103440.0,1.4162748368569709,0.7795982914508459,0,0,1,0,0,0,0,0,0,0,0,0,0,0,1,0,0,0,0,0,0,0
193,2024-06-26 00:00:00 : 2024-05-28 00:00:00,0.4958581657574075,HRL,HSIC,3103440.0,1037030.0,0.7795982914508459,1.5735767111627244,0,0,0,1,0,0,0,0,0,0,0,0,0,0,0,0,0,1,0,0,0,0
194,2024-06-26 00:00:00 : 2024-05-28 00:00:00,-0.1900345877034629,HSIC,HST,1037030.0,6369295.0,1.5735767111627244,0.16468448731508759,0,0,0,0,0,0,1,0,0,0,0,0,0,0,0,0,0,0,0,1,0,0
195,2024-06-26 00:00:00 : 2024-05-28 00:00:00,-0.243950075325873,HST,HSY,6369295.0,1539425.0,0.16468448731508759,6.0183193965914175,0,0,0,0,0,0,0,0,1,0,0,0,0,0,1,0,0,0,0,0,0,0
196,2024-06-26 00:00:00 : 2024-05-28 00:00:00,0.08884788543303733,HSY,HUM,1539425.0,1218245.0,6.0183193965914175,4.908111042629431,0,0,0,1,0,0,0,0,0,0,0,0,0,0,0,0,0,1,0,0,0,0
197,2024-06-26 00:00:00 : 2024-05-28 00:00:00,0.01729860559269888,HUM,IBM,1218245.0,3824550.0,4.908111042629431,2.665590852268057,0,0,0,0,0,0,1,0,0,0,0,0,0,0,0,0,0,0,0,0,1,0
198,2024-06-26 00:00:00 : 2024-05-28 00:00:00,0.813964105425217,IBM,ICE,3824550.0,2450600.0,2.665590852268057,1.700649250164558,0,0,0,0,0,0,0,0,0,1,0,0,0,0,0,0,1,0,0,0,0,0
199,2024-06-26 00:00:00 : 2024-05-28 00:00:00,-0.22969023278502582,ICE,IDXX,2450600.0,577760.0,1.700649250164558,6.589023057979482,0,0,0,0,0,1,0,0,0,0,0,0,0,0,0,0,0,1,0,0,0,0
200,2024-06-26 00:00:00 : 2024-05-28 00:00:00,-0.15853490673255857,IDXX,IFF,577760.0,1612280.0,6.589023057979482,1.1025656350618047,0,0,0,0,0,0,1,0,0,0,0,1,0,0,0,0,0,0,0,0,0,0
201,2024-06-26 00:00:00 : 2024-05-28 00:00:00,0.46765754879188476,IFF,ILMN,1612280.0,4700095.1,1.1025656350618047,3.73177575927855,1,0,0,0,0,0,0,0,0,0,0,0,0,0,0,0,0,1,0,0,0,0
202,2024-06-26 00:00:00 : 2024-05-28 00:00:00,0.4681786893378487,ILMN,INCY,4700095.1,5886825.0,3.73177575927855,2.1271636309561526,0,0,0,0,0,0,1,0,0,0,0,0,0,0,0,0,0,1,0,0,0,0
203,2024-06-26 00:00:00 : 2024-05-28 00:00:00,0.4109907308730302,INCY,INTC,5886825.0,42316855.0,2.1271636309561526,0.28570080575538725,0,0,0,0,0,0,1,0,0,0,0,0,0,0,0,0,0,0,0,0,1,0
204,2024-06-26 00:00:00 : 2024-05-28 00:00:00,0.22889410025991555,INTC,INTU,42316855.0,1819060.0,0.28570080575538725,24.05277128759162,0,0,0,0,0,0,0,0,0,1,0,0,0,0,0,0,0,0,0,0,1,0
205,2024-06-26 00:00:00 : 2024-05-28 00:00:00,0.8008284284434232,INTU,IP,1819060.0,4901155.0,24.05277128759162,0.8725282049921773,0,0,0,0,0,0,0,0,0,1,0,0,0,1,0,0,0,0,0,0,0,0
206,2024-06-26 00:00:00 : 2024-05-28 00:00:00,-0.737070185876714,IP,IPG,4901155.0,4070750.0,0.8725282049921773,0.6904602956608126,0,0,1,0,0,0,0,0,0,0,0,0,1,0,0,0,0,0,0,0,0,0
207,2024-06-26 00:00:00 : 2024-05-28 00:00:00,0.7503295098748758,IPG,IQV,4070750.0,1387395.0,0.6904602956608126,3.573726023246578,0,1,0,0,0,0,0,0,0,0,0,0,0,0,0,0,0,1,0,0,0,0
208,2024-06-26 00:00:00 : 2024-05-28 00:00:00,-0.23309670503777277,IQV,IR,1387395.0,2895375.0,3.573726023246578,2.0015740837297273,0,0,0,0,0,0,1,0,0,0,0,0,0,0,0,0,0,0,1,0,0,0
209,2024-06-26 00:00:00 : 2024-05-28 00:00:00,0.38429560571715116,IR,IRM,2895375.0,2565420.0,2.0015740837297273,3.5491606595983725,0,0,0,0,0,0,0,1,0,0,0,0,0,0,0,0,0,0,0,1,0,0
210,2024-06-26 00:00:00 : 2024-05-28 00:00:00,0.9152503739796425,IRM,ISRG,2565420.0,1440830.0,3.5491606595983725,12.897274811852576,0,0,0,0,0,0,0,0,1,0,0,0,0,0,0,0,0,1,0,0,0,0
211,2024-06-26 00:00:00 : 2024-05-28 00:00:00,0.8823141223114033,ISRG,IT,1440830.0,470645.0,12.897274811852576,10.49044049776905,0,0,0,0,0,0,1,0,0,0,0,0,0,0,0,0,0,0,0,0,1,0
212,2024-06-26 00:00:00 : 2024-05-28 00:00:00,0.24235751714446296,IT,ITW,470645.0,1048420.0,10.49044049776905,2.137770851926862,0,0,0,0,0,0,0,0,0,1,0,0,0,0,0,0,0,0,1,0,0,0
213,2024-06-26 00:00:00 : 2024-05-28 00:00:00,0.3883312468310248,ITW,IVZ,1048420.0,3954675.0,2.137770851926862,0.3072637105480613,0,0,0,0,0,0,0,1,0,0,0,0,0,0,0,0,1,0,0,0,0,0
214,2024-06-26 00:00:00 : 2024-05-28 00:00:00,0.3925340426300284,IVZ,JBHT,3954675.0,838545.0,0.3072637105480613,2.0572510996613484,0,0,0,0,0,1,0,0,0,0,0,0,0,0,0,0,0,0,1,0,0,0
215,2024-06-26 00:00:00 : 2024-05-28 00:00:00,0.5256890773140841,JBHT,JCI,838545.0,4365735.0,2.0572510996613484,1.5794233076402222,0,0,0,0,0,0,0,1,0,0,0,0,0,0,0,0,0,0,1,0,0,0
216,2024-06-26 00:00:00 : 2024-05-28 00:00:00,-0.35783266936410285,JCI,JNJ,4365735.0,7382940.0,1.5794233076402222,1.183693342235161,0,0,0,0,0,0,0,1,0,0,0,0,0,0,0,0,0,1,0,0,0,0
217,2024-06-26 00:00:00 : 2024-05-28 00:00:00,0.4577263732493884,JNJ,JNPR,7382940.0,2656315.0,1.183693342235161,0.22883601251741464,0,0,0,0,0,0,1,0,0,0,0,0,0,0,0,0,0,0,0,0,1,0
218,2024-06-26 00:00:00 : 2024-05-28 00:00:00,-0.11474225577940973,JNPR,JPM,2656315.0,8949250.0,0.22883601251741464,2.720557519953567,0,0,0,0,0,0,0,0,0,1,0,0,0,0,0,0,1,0,0,0,0,0
219,2024-06-26 00:00:00 : 2024-05-28 00:00:00,0.4135169810575252,JPM,JWN,8949250.0,2749960.0,2.720557519953567,0.5004547123501506,0,0,0,0,0,1,0,0,0,0,0,0,0,1,0,0,0,0,0,0,0,0
220,2024-06-26 00:00:00 : 2024-05-28 00:00:00,0.49853522716808685,JWN,K,2749960.0,2258915.0,0.5004547123501506,0.9757327867186185,0,0,1,0,0,0,0,0,0,0,0,0,0,0,1,0,0,0,0,0,0,0
221,2024-06-26 00:00:00 : 2024-05-28 00:00:00,0.6803805312228354,K,KEY,2258915.0,13781110.0,0.9757327867186185,0.24100776456077672,0,0,0,1,0,0,0,0,0,0,0,0,0,0,0,0,1,0,0,0,0,0
222,2024-06-26 00:00:00 : 2024-05-28 00:00:00,0.8057293125761584,KEY,KHC,13781110.0,8764285.0,0.24100776456077672,1.0605351605849296,0,0,0,0,0,1,0,0,0,0,0,0,0,0,1,0,0,0,0,0,0,0
223,2024-06-26 00:00:00 : 2024-05-28 00:00:00,0.479241305728659,KHC,KIM,8764285.0,4280940.0,1.0605351605849296,0.32621897436708797,0,0,0,1,0,0,0,0,0,0,0,0,0,0,0,0,0,0,0,1,0,0
224,2024-06-26 00:00:00 : 2024-05-28 00:00:00,-0.4399704619281249,KIM,KLAC,4280940.0,858200.0,0.32621897436708797,31.521443903122396,0,0,0,0,0,0,0,0,1,0,0,0,0,0,0,0,0,0,0,0,1,0
225,2024-06-26 00:00:00 : 2024-05-28 00:00:00,0.6895055874684035,KLAC,KMB,858200.0,2216595.0,31.521443903122396,3.455683565842972,0,0,0,0,0,0,0,0,0,1,0,0,0,0,1,0,0,0,0,0,0,0
226,2024-06-26 00:00:00 : 2024-05-28 00:00:00,0.7538152129902229,KMB,KMI,2216595.0,12266470.0,3.455683565842972,0.2846801295850747,0,0,0,1,0,0,0,0,0,0,0,0,0,0,0,1,0,0,0,0,0,0
227,2024-06-26 00:00:00 : 2024-05-28 00:00:00,0.5827240930335809,KMI,KMX,12266470.0,2282295.0,0.2846801295850747,1.430491376253007,0,0,0,0,1,0,0,0,0,0,0,0,0,1,0,0,0,0,0,0,0,0
228,2024-06-26 00:00:00 : 2024-05-28 00:00:00,0.35422228052748383,KMX,KO,2282295.0,11880920.0,1.430491376253007,0.7346173673991382,0,0,1,0,0,0,0,0,0,0,0,0,0,0,1,0,0,0,0,0,0,0
229,2024-06-26 00:00:00 : 2024-05-28 00:00:00,-0.10659778104520944,KO,KR,11880920.0,6775270.0,0.7346173673991382,0.9049434614154281,0,0,0,1,0,0,0,0,0,0,0,0,0,0,1,0,0,0,0,0,0,0
230,2024-06-26 00:00:00 : 2024-05-28 00:00:00,-0.08962724580049843,KR,KSS,6775270.0,8011350.0,0.9049434614154281,1.3097538035543317,0,0,0,1,0,0,0,0,0,0,0,0,0,1,0,0,0,0,0,0,0,0
231,2024-06-26 00:00:00 : 2024-05-28 00:00:00,-0.010570170618546215,KSS,L,8011350.0,891910.0,1.3097538035543317,0.9529188522289999,0,0,1,0,0,0,0,0,0,0,0,0,0,0,0,0,1,0,0,0,0,0
232,2024-06-26 00:00:00 : 2024-05-28 00:00:00,0.4380866205736639,L,LEG,891910.0,6177925.0,0.9529188522289999,0.5310320309463402,0,0,0,0,0,1,0,0,0,0,0,0,0,1,0,0,0,0,0,0,0,0
233,2024-06-26 00:00:00 : 2024-05-28 00:00:00,0.26190894094049416,LEG,LEN,6177925.0,2721715.0,0.5310320309463402,3.6726393161415922,0,0,1,0,0,0,0,0,0,0,0,0,0,1,0,0,0,0,0,0,0,0
234,2024-06-26 00:00:00 : 2024-05-28 00:00:00,-0.7642426354315206,LEN,LH,2721715.0,735245.0,3.6726393161415922,4.935169990397515,0,0,1,0,0,0,0,0,0,0,0,0,0,0,0,0,0,1,0,0,0,0
235,2024-06-26 00:00:00 : 2024-05-28 00:00:00,-0.4017698624928087,LH,LKQ,735245.0,1806370.0,4.935169990397515,0.6462232109151657,0,0,0,0,0,0,1,0,0,0,0,0,0,1,0,0,0,0,0,0,0,0
236,2024-06-26 00:00:00 : 2024-05-28 00:00:00,-0.6034233994961687,LKQ,LLY,1806370.0,2689940.0,0.6462232109151657,29.44328125835371,0,0,1,0,0,0,0,0,0,0,0,0,0,0,0,0,0,1,0,0,0,0
237,2024-06-26 00:00:00 : 2024-05-28 00:00:00,0.049931805844508514,LLY,LMT,2689940.0,1067080.0,29.44328125835371,5.044970806340877,0,0,0,0,0,0,1,0,0,0,0,0,0,0,0,0,0,0,1,0,0,0
238,2024-06-26 00:00:00 : 2024-05-28 00:00:00,0.521613764310444,LMT,LNC,1067080.0,1513415.0,5.044970806340877,0.7331652388751158,0,0,0,0,0,0,0,1,0,0,0,0,0,0,0,0,1,0,0,0,0,0
239,2024-06-26 00:00:00 : 2024-05-28 00:00:00,0.5935439668528745,LNC,LNT,1513415.0,1555830.0,0.7331652388751158,0.6581831830202624,0,0,0,0,0,1,0,0,0,0,0,0,0,0,0,0,0,0,0,0,0,1
240,2024-06-26 00:00:00 : 2024-05-28 00:00:00,0.5963510669226066,LRCX,LUV,1020665.0,10308815.0,51.21015484551344,0.910017018287064,0,0,0,0,0,0,0,0,0,1,0,0,0,0,0,0,0,0,1,0,0,0
241,2024-06-26 00:00:00 : 2024-05-28 00:00:00,-0.5188673414691171,LUV,LYB,10308815.0,1797100.0,0.910017018287064,1.2715442532244472,0,0,0,0,0,0,0,1,0,0,0,1,0,0,0,0,0,0,0,0,0,0
242,2024-06-26 00:00:00 : 2024-05-28 00:00:00,0.6560010242879458,LYB,M,1797100.0,4343405.0,1.2715442532244472,0.4527060381877309,1,0,0,0,0,0,0,0,0,0,0,0,0,1,0,0,0,0,0,0,0,0
243,2024-06-26 00:00:00 : 2024-05-28 00:00:00,-0.18332981812921248,M,MA,4343405.0,2504830.0,0.4527060381877309,4.365023632181828,0,0,1,0,0,0,0,0,0,0,0,0,0,0,0,0,1,0,0,0,0,0
244,2024-06-26 00:00:00 : 2024-05-28 00:00:00,0.7739214287251981,MA,MAA,2504830.0,626000.0,4.365023632181828,3.5856939914702908,0,0,0,0,0,1,0,0,0,0,0,0,0,0,0,0,0,0,0,1,0,0
245,2024-06-26 00:00:00 : 2024-05-28 00:00:00,-0.16010864287928103,MAA,MAC,626000.0,1590215.0,3.5856939914702908,0.27079697647531753,0,0,0,0,0,0,0,0,1,0,0,0,0,0,0,0,0,0,0,1,0,0
246,2024-06-26 00:00:00 : 2024-05-28 00:00:00,-0.4276493180700206,MAC,MAR,1590215.0,1451590.0,0.27079697647531753,6.17136604598625,0,0,0,0,0,0,0,0,1,0,0,0,0,1,0,0,0,0,0,0,0,0
247,2024-06-26 00:00:00 : 2024-05-28 00:00:00,0.123849681224988,MAR,MAS,1451590.0,1830995.0,6.17136604598625,1.288510956766758,0,0,1,0,0,0,0,0,0,0,0,0,0,0,0,0,0,0,1,0,0,0
248,2024-06-26 00:00:00 : 2024-05-28 00:00:00,0.20744703822830632,MAS,MAT,1830995.0,4111510.0,1.288510956766758,0.41312576443495397,0,0,0,0,0,0,0,1,0,0,0,0,0,1,0,0,0,0,0,0,0,0
249,2024-06-26 00:00:00 : 2024-05-28 00:00:00,0.25270736130823906,MAT,MCD,4111510.0,3801545.0,0.41312576443495397,3.606881189057608,0,0,1,0,0,0,0,0,0,0,0,0,0,1,0,0,0,0,0,0,0,0
250,2024-06-26 00:00:00 : 2024-05-28 00:00:00,-0.09875616832208385,MCD,MCHP,3801545.0,6650890.0,3.606881189057608,2.3701028313822294,0,0,1,0,0,0,0,0,0,0,0,0,0,0,0,0,0,0,0,0,1,0
251,2024-06-26 00:00:00 : 2024-05-28 00:00:00,-0.8575536279583035,MCHP,MCK,6650890.0,667550.0,2.3701028313822294,14.192382863690845,0,0,0,0,0,0,0,0,0,1,0,0,0,0,0,0,0,1,0,0,0,0
252,2024-06-26 00:00:00 : 2024-05-28 00:00:00,0.8617544663907845,MCK,MCO,667550.0,715960.0,14.192382863690845,9.448349378304412,0,0,0,0,0,0,1,0,0,0,0,0,0,0,0,0,1,0,0,0,0,0
253,2024-06-26 00:00:00 : 2024-05-28 00:00:00,-0.2978583783059744,MCO,MDLZ,715960.0,6111460.0,9.448349378304412,0.888517298680969,0,0,0,0,0,1,0,0,0,0,0,0,0,0,1,0,0,0,0,0,0,0
254,2024-06-26 00:00:00 : 2024-05-28 00:00:00,0.40916128420953535,MDLZ,MDT,6111460.0,6807985.0,0.888517298680969,1.1556552033287564,0,0,0,1,0,0,0,0,0,0,0,0,0,0,0,0,0,1,0,0,0,0
255,2024-06-26 00:00:00 : 2024-05-28 00:00:00,-0.1581382786126161,MDT,MET,6807985.0,3037880.0,1.1556552033287564,1.0661358583660998,0,0,0,0,0,0,1,0,0,0,0,0,0,0,0,0,1,0,0,0,0,0
256,2024-06-26 00:00:00 : 2024-05-28 00:00:00,0.3045609771499177,MET,MGM,3037880.0,3661845.0,1.0661358583660998,1.057734201088782,0,0,0,0,0,1,0,0,0,0,0,0,0,1,0,0,0,0,0,0,0,0
257,2024-06-26 00:00:00 : 2024-05-28 00:00:00,-0.6146090449730033,MGM,MHK,3661845.0,680325.0,1.057734201088782,3.9346511288397648,0,0,1,0,0,0,0,0,0,0,0,0,0,1,0,0,0,0,0,0,0,0
258,2024-06-26 00:00:00 : 2024-05-28 00:00:00,0.6960553415255764,MHK,MKC,680325.0,2086275.0,3.9346511288397648,1.2164241340976816,0,0,1,0,0,0,0,0,0,0,0,0,0,0,1,0,0,0,0,0,0,0
259,2024-06-26 00:00:00 : 2024-05-28 00:00:00,0.4629953196930106,MKC,MLM,2086275.0,460315.0,1.2164241340976816,11.607738234112468,0,0,0,1,0,0,0,0,0,0,0,1,0,0,0,0,0,0,0,0,0,0
260,2024-06-26 00:00:00 : 2024-05-28 00:00:00,-0.5867100662766495,MLM,MMC,460315.0,1752445.0,11.607738234112468,3.291274946815284,1,0,0,0,0,0,0,0,0,0,0,0,0,0,0,0,1,0,0,0,0,0
261,2024-06-26 00:00:00 : 2024-05-28 00:00:00,0.8545795528578005,MMC,MMM,1752445.0,4915135.0,3.291274946815284,1.4581513134563406,0,0,0,0,0,1,0,0,0,0,0,0,0,0,0,0,0,0,1,0,0,0
262,2024-06-26 00:00:00 : 2024-05-28 00:00:00,-0.6536400842075538,MMM,MNST,4915135.0,17428655.0,1.4581513134563406,1.4829462661529873,0,0,0,0,0,0,0,1,0,0,0,0,0,0,1,0,0,0,0,0,0,0
263,2024-06-26 00:00:00 : 2024-05-28 00:00:00,0.6837678033671892,MNST,MO,17428655.0,10206390.0,1.4829462661529873,0.7344690415091607,0,0,0,1,0,0,0,0,0,0,0,0,0,0,1,0,0,0,0,0,0,0
264,2024-06-26 00:00:00 : 2024-05-28 00:00:00,0.5766393080296857,MO,MOS,10206390.0,4824370.0,0.7344690415091607,1.1419129119510278,0,0,0,1,0,0,0,0,0,0,0,1,0,0,0,0,0,0,0,0,0,0
265,2024-06-26 00:00:00 : 2024-05-28 00:00:00,0.5980461878550548,MOS,MPC,4824370.0,2821100.0,1.1419129119510278,1.9827143860451077,1,0,0,0,0,0,0,0,0,0,0,0,0,0,0,1,0,0,0,0,0,0
266,2024-06-26 00:00:00 : 2024-05-28 00:00:00,0.16038817250733625,MPC,MRK,2821100.0,8627880.0,1.9827143860451077,2.268634131420695,0,0,0,0,1,0,0,0,0,0,0,0,0,0,0,0,0,1,0,0,0,0
267,2024-06-26 00:00:00 : 2024-05-28 00:00:00,0.09374692922016396,MRK,MRO,8627880.0,12195290.0,2.268634131420695,0.48856400584940646,0,0,0,0,0,0,1,0,0,0,0,0,0,0,0,1,0,0,0,0,0,0
268,2024-06-26 00:00:00 : 2024-05-28 00:00:00,0.38459485208889355,MRO,MS,12195290.0,5508585.0,0.48856400584940646,0.7798627341783894,0,0,0,0,1,0,0,0,0,0,0,0,0,0,0,0,1,0,0,0,0,0
269,2024-06-26 00:00:00 : 2024-05-28 00:00:00,-0.16801190755540293,MS,MSFT,5508585.0,19511485.0,0.7798627341783894,13.327441168265723,0,0,0,0,0,1,0,0,0,0,0,0,0,0,0,0,0,0,0,0,1,0
270,2024-06-26 00:00:00 : 2024-05-28 00:00:00,0.87509650291991,MSFT,MSI,19511485.0,673215.0,13.327441168265723,9.17201842944763,0,0,0,0,0,0,0,0,0,1,0,0,0,0,0,0,0,0,0,0,1,0
271,2024-06-26 00:00:00 : 2024-05-28 00:00:00,-0.028214940562108423,MSI,MTB,673215.0,779680.0,9.17201842944763,2.5142892547359312,0,0,0,0,0,0,0,0,0,1,0,0,0,0,0,0,1,0,0,0,0,0
272,2024-06-26 00:00:00 : 2024-05-28 00:00:00,-0.42644317147945493,MTB,MTD,779680.0,143325.0,2.5142892547359312,24.77846530451672,0,0,0,0,0,1,0,0,0,0,0,0,0,0,0,0,0,1,0,0,0,0
273,2024-06-26 00:00:00 : 2024-05-28 00:00:00,0.7781540532569353,MTD,MU,143325.0,23690990.0,24.77846530451672,7.558946290233315,0,0,0,0,0,0,1,0,0,0,0,0,0,0,0,0,0,0,0,0,1,0
274,2024-06-26 00:00:00 : 2024-05-28 00:00:00,-0.700728179060795,MU,NAVI,23690990.0,881085.0,7.558946290233315,0.2846097469675556,0,0,0,0,0,0,0,0,0,1,0,0,0,0,0,0,1,0,0,0,0,0
275,2024-06-26 00:00:00 : 2024-05-28 00:00:00,-0.33581573077500526,NAVI,NCLH,881085.0,12109015.0,0.2846097469675556,0.6506990016633136,0,0,0,0,0,1,0,0,0,0,0,0,0,1,0,0,0,0,0,0,0,0
276,2024-06-26 00:00:00 : 2024-05-28 00:00:00,0.3926855116604273,NCLH,NDAQ,12109015.0,2351610.0,0.6506990016633136,0.475283510250977,0,0,1,0,0,0,0,0,0,0,0,0,0,0,0,0,1,0,0,0,0,0
277,2024-06-26 00:00:00 : 2024-05-28 00:00:00,-0.07954435845263483,NDAQ,NEE,2351610.0,13257385.0,0.475283510250977,2.5221445670513916,0,0,0,0,0,1,0,0,0,0,0,0,0,0,0,0,0,0,0,0,0,1
278,2024-06-26 00:00:00 : 2024-05-28 00:00:00,0.06341360986411675,NEE,NEM,13257385.0,7954900.0,2.5221445670513916,0.7205653418226561,0,0,0,0,0,0,0,0,0,0,1,1,0,0,0,0,0,0,0,0,0,0
279,2024-06-26 00:00:00 : 2024-05-28 00:00:00,0.37997020760131245,NEM,NFLX,7954900.0,2896745.0,0.7205653418226561,16.750173919778078,1,0,0,0,0,0,0,0,0,0,0,0,1,0,0,0,0,0,0,0,0,0
280,2024-06-26 00:00:00 : 2024-05-28 00:00:00,-0.20594787957064983,NFLX,NI,2896745.0,4520590.0,16.750173919778078,0.37825120995077643,0,1,0,0,0,0,0,0,0,0,0,0,0,0,0,0,0,0,0,0,0,1
281,2024-06-26 00:00:00 : 2024-05-28 00:00:00,0.32338022559144874,NI,NKE,4520590.0,8974365.0,0.37825120995077643,1.3142353513194371,0,0,0,0,0,0,0,0,0,0,1,0,0,1,0,0,0,0,0,0,0,0
282,2024-06-26 00:00:00 : 2024-05-28 00:00:00,-0.12810646542492862,NKE,NOC,8974365.0,1149735.0,1.3142353513194371,8.898068873948331,0,0,1,0,0,0,0,0,0,0,0,0,0,0,0,0,0,0,1,0,0,0
283,2024-06-26 00:00:00 : 2024-05-28 00:00:00,-0.18080687194201003,NOC,NOV,1149735.0,2840040.0,8.898068873948331,0.49986265618949605,0,0,0,0,0,0,0,1,0,0,0,0,0,0,0,1,0,0,0,0,0,0
284,2024-06-26 00:00:00 : 2024-05-28 00:00:00,0.5162797944797891,NOV,NRG,2840040.0,3937010.0,0.49986265618949605,1.8285715485031229,0,0,0,0,1,0,0,0,0,0,0,0,0,0,0,0,0,0,0,0,0,1
285,2024-06-26 00:00:00 : 2024-05-28 00:00:00,-0.2571034227317773,NRG,NSC,3937010.0,1124585.0,1.8285715485031229,3.55352747052706,0,0,0,0,0,0,0,0,0,0,1,0,0,0,0,0,0,0,1,0,0,0
286,2024-06-26 00:00:00 : 2024-05-28 00:00:00,-0.25920675330637555,NSC,NTAP,1124585.0,2610790.0,3.55352747052706,3.8245803407252335,0,0,0,0,0,0,0,1,0,0,0,0,0,0,0,0,0,0,0,0,1,0
287,2024-06-26 00:00:00 : 2024-05-28 00:00:00,-0.23575993972783232,NTAP,NTRS,2610790.0,1338550.0,3.8245803407252335,0.911646530771594,0,0,0,0,0,0,0,0,0,1,0,0,0,0,0,0,1,0,0,0,0,0
288,2024-06-26 00:00:00 : 2024-05-28 00:00:00,0.35956799025244,NTRS,NUE,1338550.0,1754145.0,0.911646530771594,4.985200481254896,0,0,0,0,0,1,0,0,0,0,0,1,0,0,0,0,0,0,0,0,0,0
289,2024-06-26 00:00:00 : 2024-05-28 00:00:00,-0.7850202936273147,NUE,NVDA,1754145.0,426234475.0,4.985200481254896,7.034254591417376,1,0,0,0,0,0,0,0,0,0,0,0,0,0,0,0,0,0,0,0,1,0
290,2024-06-26 00:00:00 : 2024-05-28 00:00:00,-0.704525419227685,NVDA,NWL,426234475.0,4268060.0,7.034254591417376,0.4291418183740077,0,0,0,0,0,0,0,0,0,1,0,0,0,0,1,0,0,0,0,0,0,0
291,2024-06-26 00:00:00 : 2024-05-28 00:00:00,-0.2424503040907336,NWL,NWS,4268060.0,849935.0,0.4291418183740077,0.38306462791470514,0,0,0,1,0,0,0,0,0,0,0,0,1,0,0,0,0,0,0,0,0,0
292,2024-06-26 00:00:00 : 2024-05-28 00:00:00,0.8844992609116946,NWS,NWSA,849935.0,2437350.0,0.38306462791470514,0.3592979630941978,0,1,0,0,0,0,0,0,0,0,0,0,1,0,0,0,0,0,0,0,0,0
293,2024-06-26 00:00:00 : 2024-05-28 00:00:00,0.42691793120632926,NWSA,O,2437350.0,5378425.0,0.3592979630941978,0.7497351319978147,0,1,0,0,0,0,0,0,0,0,0,0,0,0,0,0,0,0,0,1,0,0
294,2024-06-26 00:00:00 : 2024-05-28 00:00:00,-0.2763757187161789,O,OKE,5378425.0,2842480.0,0.7497351319978147,0.841588038230228,0,0,0,0,0,0,0,0,1,0,0,0,0,0,0,1,0,0,0,0,0,0
295,2024-06-26 00:00:00 : 2024-05-28 00:00:00,0.140967678500461,OKE,OMC,2842480.0,1624930.0,0.841588038230228,1.0287316815792806,0,0,0,0,1,0,0,0,0,0,0,0,1,0,0,0,0,0,0,0,0,0
296,2024-06-26 00:00:00 : 2024-05-28 00:00:00,-0.5458281006015556,OMC,ORCL,1624930.0,11642290.0,1.0287316815792806,9.74091599215492,0,1,0,0,0,0,0,0,0,0,0,0,0,0,0,0,0,0,0,0,1,0
297,2024-06-26 00:00:00 : 2024-05-28 00:00:00,0.8625083362866328,ORCL,ORLY,11642290.0,500585.0,9.74091599215492,43.95182926232366,0,0,0,0,0,0,0,0,0,1,0,0,0,1,0,0,0,0,0,0,0,0
298,2024-06-26 00:00:00 : 2024-05-28 00:00:00,0.5434174375776853,ORLY,OXY,500585.0,8006530.0,43.95182926232366,1.1764375208177194,0,0,1,0,0,0,0,0,0,0,0,0,0,0,0,1,0,0,0,0,0,0
299,2024-06-26 00:00:00 : 2024-05-28 00:00:00,0.08266315338682995,OXY,PAYX,8006530.0,2069560.0,1.1764375208177194,2.4902844034502487,0,0,0,0,1,0,0,0,0,0,0,0,0,0,0,0,0,0,1,0,0,0
300,2024-06-26 00:00:00 : 2024-05-28 00:00:00,0.3460264916662429,PAYX,PCAR,2069560.0,2689895.0,2.4902844034502487,1.2833366201026106,0,0,0,0,0,0,0,1,0,0,0,0,0,0,0,0,0,0,1,0,0,0
301,2024-06-26 00:00:00 : 2024-05-28 00:00:00,0.20987338222883425,PCAR,PCG,2689895.0,13338925.0,1.2833366201026106,0.2920698381679996,0,0,0,0,0,0,0,1,0,0,0,0,0,0,0,0,0,0,0,0,0,1
302,2024-06-26 00:00:00 : 2024-05-28 00:00:00,-0.24536704717365695,PCG,PDCO,13338925.0,1252695.0,0.2920698381679996,0.7372670831653321,0,0,0,0,0,0,0,0,0,0,1,0,0,0,0,0,0,1,0,0,0,0
303,2024-06-26 00:00:00 : 2024-05-28 00:00:00,0.5175997516820897,PDCO,PEG,1252695.0,2782155.0,0.7372670831653321,0.7938674336154786,0,0,0,0,0,0,1,0,0,0,0,0,0,0,0,0,0,0,0,0,0,1
304,2024-06-26 00:00:00 : 2024-05-28 00:00:00,0.6824608513109303,PEG,PEP,2782155.0,5638660.0,0.7938674336154786,3.377641876329581,0,0,0,0,0,0,0,0,0,0,1,0,0,0,1,0,0,0,0,0,0,0
305,2024-06-26 00:00:00 : 2024-05-28 00:00:00,0.8081299502715884,PEP,PFE,5638660.0,34963490.0,3.377641876329581,0.7010952691332002,0,0,0,1,0,0,0,0,0,0,0,0,0,0,0,0,0,1,0,0,0,0
306,2024-06-26 00:00:00 : 2024-05-28 00:00:00,0.4707964393503924,PFE,PFG,34963490.0,1044495.0,0.7010952691332002,1.3461199728242113,0,0,0,0,0,0,1,0,0,0,0,0,0,0,0,0,1,0,0,0,0,0
307,2024-06-26 00:00:00 : 2024-05-28 00:00:00,-0.37720904290264634,PFG,PG,1044495.0,6287010.0,1.3461199728242113,1.8556020181793684,0,0,0,0,0,1,0,0,0,0,0,0,0,0,1,0,0,0,0,0,0,0
308,2024-06-26 00:00:00 : 2024-05-28 00:00:00,0.4833152322845246,PG,PGR,6287010.0,2684800.0,1.8556020181793684,3.2047400426819848,0,0,0,1,0,0,0,0,0,0,0,0,0,0,0,0,1,0,0,0,0,0
309,2024-06-26 00:00:00 : 2024-05-28 00:00:00,-0.22104084450168845,PGR,PH,2684800.0,776790.0,3.2047400426819848,9.785716924534723,0,0,0,0,0,1,0,0,0,0,0,0,0,0,0,0,0,0,1,0,0,0
310,2024-06-26 00:00:00 : 2024-05-28 00:00:00,0.6205640964022268,PH,PHM,776790.0,1738850.0,9.785716924534723,2.1194500529934897,0,0,0,0,0,0,0,1,0,0,0,0,0,1,0,0,0,0,0,0,0,0
311,2024-06-26 00:00:00 : 2024-05-28 00:00:00,-0.37187417846355675,PHM,PKG,1738850.0,486105.0,2.1194500529934897,2.236046335975566,0,0,1,0,0,0,0,0,0,0,0,0,0,1,0,0,0,0,0,0,0,0
312,2024-06-26 00:00:00 : 2024-05-28 00:00:00,0.6002380188084309,PKG,PLD,486105.0,4687580.0,2.236046335975566,1.8611074723552492,0,0,1,0,0,0,0,0,0,0,0,0,0,0,0,0,0,0,0,1,0,0
313,2024-06-26 00:00:00 : 2024-05-28 00:00:00,0.3741801976601218,PLD,PM,4687580.0,5227475.0,1.8611074723552492,1.420627609747517,0,0,0,0,0,0,0,0,1,0,0,0,0,0,1,0,0,0,0,0,0,0
314,2024-06-26 00:00:00 : 2024-05-28 00:00:00,0.12375851294300194,PM,PNC,5227475.0,1661690.0,1.420627609747517,1.7629569729827368,0,0,0,1,0,0,0,0,0,0,0,0,0,0,0,0,1,0,0,0,0,0
315,2024-06-26 00:00:00 : 2024-05-28 00:00:00,0.5546753133698535,PNC,PNR,1661690.0,1607285.0,1.7629569729827368,1.6351829768661397,0,0,0,0,0,1,0,0,0,0,0,0,0,0,0,0,0,0,1,0,0,0
316,2024-06-26 00:00:00 : 2024-05-28 00:00:00,0.42697220727248525,PNR,PNW,1607285.0,1172305.0,1.6351829768661397,1.0187505380925443,0,0,0,0,0,0,0,1,0,0,0,0,0,0,0,0,0,0,0,0,0,1
317,2024-06-26 00:00:00 : 2024-05-28 00:00:00,0.7106139549102273,PNW,PPG,1172305.0,1557200.0,1.0187505380925443,2.01987267659651,0,0,0,0,0,0,0,0,0,0,1,1,0,0,0,0,0,0,0,0,0,0
318,2024-06-26 00:00:00 : 2024-05-28 00:00:00,0.8341735060940367,PPG,PPL,1557200.0,4251980.0,2.01987267659651,0.48818525418116104,1,0,0,0,0,0,0,0,0,0,0,0,0,0,0,0,0,0,0,0,0,1
319,2024-06-26 00:00:00 : 2024-05-28 00:00:00,0.5228588086829313,PPL,PRGO,4251980.0,1739000.0,0.48818525418116104,0.8183128084623554,0,0,0,0,0,0,0,0,0,0,1,0,0,0,0,0,0,1,0,0,0,0
320,2024-06-26 00:00:00 : 2024-05-28 00:00:00,-0.10344833969811298,PRGO,PRU,1739000.0,1401840.0,0.8183128084623554,1.9351161139664523,0,0,0,0,0,0,1,0,0,0,0,0,0,0,0,0,1,0,0,0,0,0
321,2024-06-26 00:00:00 : 2024-05-28 00:00:00,-0.12441999189527395,PRU,PSA,1401840.0,778550.0,1.9351161139664523,8.220026596571087,0,0,0,0,0,1,0,0,0,0,0,0,0,0,0,0,0,0,0,1,0,0
322,2024-06-26 00:00:00 : 2024-05-28 00:00:00,-0.09171421167932757,PSA,PSX,778550.0,2455080.0,8.220026596571087,1.3846298236564614,0,0,0,0,0,0,0,0,1,0,0,0,0,0,0,1,0,0,0,0,0,0
323,2024-06-26 00:00:00 : 2024-05-28 00:00:00,0.06604455379839312,PSX,PVH,2455080.0,931465.0,1.3846298236564614,3.8607656514883852,0,0,0,0,1,0,0,0,0,0,0,0,0,1,0,0,0,0,0,0,0,0
324,2024-06-26 00:00:00 : 2024-05-28 00:00:00,-0.20000619071021827,PVH,PWR,931465.0,856940.0,3.8607656514883852,3.7776898033772115,0,0,1,0,0,0,0,0,0,0,0,0,0,0,0,0,0,0,1,0,0,0
325,2024-06-26 00:00:00 : 2024-05-28 00:00:00,-0.2778889747248774,PWR,PX,856940.0,456940.0,3.7776898033772115,0.12076423205761447,0,0,0,0,0,0,0,1,0,0,0,0,0,0,0,0,1,0,0,0,0,0
326,2024-06-26 00:00:00 : 2024-05-28 00:00:00,-0.663043564630349,PX,PXD,456940.0,2135020.6,0.12076423205761447,2.846838246676369,0,0,0,0,0,1,0,0,0,0,0,0,0,0,0,1,0,0,0,0,0,0
327,2024-05-02 00:00:00 : 2024-04-04 00:00:00,-0.36141633959069974,PXD,PYPL,2135020.6,12566860.0,2.846838246676369,2.6823485482968445,0,0,0,0,1,0,0,0,0,0,0,0,0,0,0,0,1,0,0,0,0,0
328,2024-06-26 00:00:00 : 2024-05-28 00:00:00,-0.11644398587457173,PYPL,QCOM,12566860.0,11893160.0,2.6823485482968445,7.189425214265167,0,0,0,0,0,1,0,0,0,0,0,0,0,0,0,0,0,0,0,0,1,0
329,2024-06-26 00:00:00 : 2024-05-28 00:00:00,0.360516743124383,QCOM,QRVO,11893160.0,1524135.0,7.189425214265167,7.272361033171049,0,0,0,0,0,0,0,0,0,1,0,0,0,0,0,0,0,0,0,0,1,0
330,2024-06-26 00:00:00 : 2024-05-28 00:00:00,0.2718464589503101,QRVO,RCL,1524135.0,1951650.0,7.272361033171049,4.005840919108014,0,0,0,0,0,0,0,0,0,1,0,0,0,1,0,0,0,0,0,0,0,0
331,2024-06-26 00:00:00 : 2024-05-28 00:00:00,0.2009697243094993,RCL,REG,1951650.0,1058815.0,4.005840919108014,0.7767497093226157,0,0,1,0,0,0,0,0,0,0,0,0,0,0,0,0,0,0,0,1,0,0
332,2024-06-26 00:00:00 : 2024-05-28 00:00:00,0.559564503473625,REG,REGN,1058815.0,483325.0,0.7767497093226157,31.565029710360378,0,0,0,0,0,0,0,0,1,0,0,0,0,0,0,0,0,1,0,0,0,0
333,2024-06-26 00:00:00 : 2024-05-28 00:00:00,0.26545460604406834,REGN,RF,483325.0,7264315.0,31.565029710360378,0.28635806217697485,0,0,0,0,0,0,1,0,0,0,0,0,0,0,0,0,1,0,0,0,0,0
334,2024-06-26 00:00:00 : 2024-05-28 00:00:00,0.4830367486845922,RF,RHI,7264315.0,3618835.0,0.28635806217697485,0.7276238106483894,0,0,0,0,0,1,0,0,0,0,0,0,0,0,0,0,0,0,1,0,0,0
335,2024-06-26 00:00:00 : 2024-05-28 00:00:00,0.06410072441255074,RHI,RJF,3618835.0,957760.0,0.7276238106483894,1.863369274033408,0,0,0,0,0,0,0,1,0,0,0,0,0,0,0,0,1,0,0,0,0,0
336,2024-06-26 00:00:00 : 2024-05-28 00:00:00,0.09125572429660585,RJF,RL,957760.0,890570.0,1.863369274033408,2.3461737331290156,0,0,0,0,0,1,0,0,0,0,0,0,0,1,0,0,0,0,0,0,0,0
337,2024-06-26 00:00:00 : 2024-05-28 00:00:00,0.2620776566316197,RL,RMD,890570.0,1287540.0,2.3461737331290156,9.590759646265038,0,0,1,0,0,0,0,0,0,0,0,0,0,0,0,0,0,1,0,0,0,0
338,2024-06-26 00:00:00 : 2024-05-28 00:00:00,-0.7599273415746296,RMD,ROK,1287540.0,913570.0,9.590759646265038,3.784792272833153,0,0,0,0,0,0,1,0,0,0,0,0,0,0,0,0,0,0,1,0,0,0
339,2024-06-26 00:00:00 : 2024-05-28 00:00:00,0.485807952261074,ROK,ROP,913570.0,504110.0,3.784792272833153,10.802158171222608,0,0,0,0,0,0,0,1,0,0,0,0,0,0,0,0,0,0,0,0,1,0
340,2024-06-26 00:00:00 : 2024-05-28 00:00:00,0.8721015372060201,ROP,ROST,504110.0,2572645.0,10.802158171222608,3.41888688868733,0,0,0,0,0,0,0,0,0,1,0,0,0,1,0,0,0,0,0,0,0,0
341,2024-06-26 00:00:00 : 2024-05-28 00:00:00,-0.7223078146149222,ROST,RRC,2572645.0,2436540.0,3.41888688868733,1.2971248255321821,0,0,1,0,0,0,0,0,0,0,0,0,0,0,0,1,0,0,0,0,0,0
342,2024-06-26 00:00:00 : 2024-05-28 00:00:00,-0.7694229835534596,RRC,RSG,2436540.0,1042850.0,1.2971248255321821,3.6847212096828783,0,0,0,0,1,0,0,0,0,0,0,0,0,0,0,0,0,0,1,0,0,0
343,2024-06-26 00:00:00 : 2024-05-28 00:00:00,0.058653781180197435,RSG,SBAC,1042850.0,799390.0,3.6847212096828783,2.8735139923615782,0,0,0,0,0,0,0,1,0,0,0,0,0,0,0,0,0,0,0,1,0,0
344,2024-06-26 00:00:00 : 2024-05-28 00:00:00,0.5617248120085137,SBAC,SBUX,799390.0,11223185.0,2.8735139923615782,1.3065658083394398,0,0,0,0,0,0,0,0,1,0,0,0,0,1,0,0,0,0,0,0,0,0
345,2024-06-26 00:00:00 : 2024-05-28 00:00:00,0.35402830944964714,SBUX,SCHW,11223185.0,6099890.0,1.3065658083394398,0.947415853456572,0,0,1,0,0,0,0,0,0,0,0,0,0,0,0,0,1,0,0,0,0,0
346,2024-06-26 00:00:00 : 2024-05-28 00:00:00,0.10417186582757218,SCHW,SEE,6099890.0,1347160.0,0.947415853456572,1.4374538196931947,0,0,0,0,0,1,0,0,0,0,0,0,0,1,0,0,0,0,0,0,0,0
347,2024-06-26 00:00:00 : 2024-05-28 00:00:00,0.3813679634925831,SEE,SHW,1347160.0,2084790.0,1.4374538196931947,4.097024263744745,0,0,1,0,0,0,0,0,0,0,0,1,0,0,0,0,0,0,0,0,0,0
348,2024-06-26 00:00:00 : 2024-05-28 00:00:00,0.23708902921411462,SHW,SIG,2084790.0,1134520.0,4.097024263744745,8.551104023792169,1,0,0,0,0,0,0,0,0,0,0,0,0,1,0,0,0,0,0,0,0,0
349,2024-06-26 00:00:00 : 2024-05-28 00:00:00,0.30683869144433823,SIG,SJM,1134520.0,1482825.0,8.551104023792169,2.240019906855719,0,0,1,0,0,0,0,0,0,0,0,0,0,0,1,0,0,0,0,0,0,0
350,2024-06-26 00:00:00 : 2024-05-28 00:00:00,-0.4582103350697655,SJM,SLB,1482825.0,15150865.0,2.240019906855719,1.2710602978017003,0,0,0,1,0,0,0,0,0,0,0,0,0,0,0,1,0,0,0,0,0,0
351,2024-06-26 00:00:00 : 2024-05-28 00:00:00,-0.11290187077224216,SLB,SLG,15150865.0,794490.0,1.2710602978017003,2.053331293062999,0,0,0,0,1,0,0,0,0,0,0,0,0,0,0,0,0,0,0,1,0,0
352,2024-06-26 00:00:00 : 2024-05-28 00:00:00,-0.07248245233482103,SLG,SNA,794490.0,273755.0,2.053331293062999,2.5593568139009966,0,0,0,0,0,0,0,0,1,0,0,0,0,0,0,0,0,0,1,0,0,0
353,2024-06-26 00:00:00 : 2024-05-28 00:00:00,-0.2333366130738824,SNA,SNPS,273755.0,945685.0,2.5593568139009966,17.560732471091796,0,0,0,0,0,0,0,1,0,0,0,0,0,0,0,0,0,0,0,0,1,0
354,2024-06-26 00:00:00 : 2024-05-28 00:00:00,-0.5094018544175599,SNPS,SO,945685.0,4149200.0,17.560732471091796,0.8859427124538864,0,0,0,0,0,0,0,0,0,1,0,0,0,0,0,0,0,0,0,0,0,1
355,2024-06-26 00:00:00 : 2024-05-28 00:00:00,0.5278974637591084,SO,SPG,4149200.0,1660765.0,0.8859427124538864,2.4957099058624963,0,0,0,0,0,0,0,0,0,0,1,0,0,0,0,0,0,0,0,1,0,0
356,2024-06-26 00:00:00 : 2024-05-28 00:00:00,-0.18095831719245145,SPG,SPGI,1660765.0,1008435.0,2.4957099058624963,7.135190616841211,0,0,0,0,0,0,0,0,1,0,0,0,0,0,0,0,1,0,0,0,0,0
357,2024-06-26 00:00:00 : 2024-05-28 00:00:00,0.46866810924438457,SPGI,SRCL,1008435.0,3516015.0,7.135190616841211,3.037958953509935,0,0,0,0,0,1,0,0,0,0,0,0,0,0,0,0,0,0,1,0,0,0
358,2024-06-26 00:00:00 : 2024-05-28 00:00:00,0.38678441209707287,SRCL,SRE,3516015.0,2941540.0,3.037958953509935,0.8066803703159863,0,0,0,0,0,0,0,1,0,0,0,0,0,0,0,0,0,0,0,0,0,1
359,2024-06-26 00:00:00 : 2024-05-28 00:00:00,0.06505172348934093,SRE,STI,2941540.0,1310230.0,0.8066803703159863,0.6601703866355281,0,0,0,0,0,0,0,0,0,0,1,0,0,0,0,0,0,0,1,0,0,0
360,2024-06-26 00:00:00 : 2024-05-28 00:00:00,0.31568977082088756,STI,STT,1310230.0,2077545.0,0.6601703866355281,1.3998579573168293,0,0,0,0,0,0,0,1,0,0,0,0,0,0,0,0,1,0,0,0,0,0
361,2024-06-26 00:00:00 : 2024-05-28 00:00:00,-0.8742381350109137,STT,STX,2077545.0,2548150.0,1.3998579573168293,4.844710772934981,0,0,0,0,0,1,0,0,0,0,0,0,0,0,0,0,0,0,0,0,1,0
362,2024-06-26 00:00:00 : 2024-05-28 00:00:00,0.7746526273236957,STX,STZ,2548150.0,1170700.0,4.844710772934981,6.343817925915101,0,0,0,0,0,0,0,0,0,1,0,0,0,0,1,0,0,0,0,0,0,0
363,2024-06-26 00:00:00 : 2024-05-28 00:00:00,-0.1505332154177972,STZ,SWK,1170700.0,1360015.0,6.343817925915101,1.6336492246283218,0,0,0,1,0,0,0,0,0,0,0,0,0,0,0,0,0,0,1,0,0,0
364,2024-06-26 00:00:00 : 2024-05-28 00:00:00,-0.056710199973676996,SWK,SWKS,1360015.0,2818020.0,1.6336492246283218,7.006569485193226,0,0,0,0,0,0,0,1,0,0,0,0,0,0,0,0,0,0,0,0,1,0
365,2024-06-26 00:00:00 : 2024-05-28 00:00:00,0.4332965578372716,SWKS,SYF,2818020.0,3731785.0,7.006569485193226,1.0143939402886442,0,0,0,0,0,0,0,0,0,1,0,0,0,0,0,0,1,0,0,0,0,0
366,2024-06-26 00:00:00 : 2024-05-28 00:00:00,-0.33516845271166773,SYF,SYK,3731785.0,1200665.0,1.0143939402886442,3.4273363255140383,0,0,0,0,0,1,0,0,0,0,0,0,0,0,0,0,0,1,0,0,0,0
367,2024-06-26 00:00:00 : 2024-05-28 00:00:00,-0.33844939287992654,SYK,SYY,1200665.0,3729170.0,3.4273363255140383,0.9918724555518205,0,0,0,0,0,0,1,0,0,0,0,0,0,0,1,0,0,0,0,0,0,0
368,2024-06-26 00:00:00 : 2024-05-28 00:00:00,0.729466446780204,SYY,T,3729170.0,35099415.0,0.9918724555518205,0.4129559550921724,0,0,0,1,0,0,0,0,0,0,0,0,1,0,0,0,0,0,0,0,0,0
369,2024-06-26 00:00:00 : 2024-05-28 00:00:00,0.018178197942526085,T,TAP,35099415.0,2818645.0,0.4129559550921724,1.3362357621268661,0,1,0,0,0,0,0,0,0,0,0,0,0,0,1,0,0,0,0,0,0,0
370,2024-06-26 00:00:00 : 2024-05-28 00:00:00,0.4822535516297236,TAP,TDG,2818645.0,219505.0,1.3362357621268661,16.956493179656167,0,0,0,1,0,0,0,0,0,0,0,0,0,0,0,0,0,0,1,0,0,0
371,2024-06-26 00:00:00 : 2024-05-28 00:00:00,0.34405682627255957,TDG,TEL,219505.0,1654035.0,16.956493179656167,1.2056000170110979,0,0,0,0,0,0,0,1,0,0,0,0,0,0,0,0,0,0,0,0,1,0
372,2024-06-26 00:00:00 : 2024-05-28 00:00:00,-0.12168431522782357,TEL,TGT,1654035.0,4068445.0,1.2056000170110979,3.414979845213791,0,0,0,0,0,0,0,0,0,1,0,0,0,0,1,0,0,0,0,0,0,0
373,2024-06-26 00:00:00 : 2024-05-28 00:00:00,-0.556159901430315,TGT,TJX,4068445.0,7002905.0,3.414979845213791,2.7315260711164315,0,0,0,1,0,0,0,0,0,0,0,0,0,1,0,0,0,0,0,0,0,0
374,2024-06-26 00:00:00 : 2024-05-28 00:00:00,-0.26711289782561903,TJX,TMO,7002905.0,1586340.0,2.7315260711164315,7.256245353887685,0,0,1,0,0,0,0,0,0,0,0,0,0,0,0,0,0,1,0,0,0,0
375,2024-06-26 00:00:00 : 2024-05-28 00:00:00,0.6490488315214704,TMO,TPR,1586340.0,2459840.0,7.256245353887685,0.941792973084752,0,0,0,0,0,0,1,0,0,0,0,0,0,1,0,0,0,0,0,0,0,0
376,2024-06-26 00:00:00 : 2024-05-28 00:00:00,0.5478951360111257,TPR,TRIP,2459840.0,2022055.0,0.941792973084752,0.32830578978267994,0,0,1,0,0,0,0,0,0,0,0,0,0,1,0,0,0,0,0,0,0,0
377,2024-06-26 00:00:00 : 2024-05-28 00:00:00,-0.298462381410918,TRIP,TROW,2022055.0,1070785.0,0.32830578978267994,1.250453073262314,0,0,1,0,0,0,0,0,0,0,0,0,0,0,0,0,1,0,0,0,0,0
378,2024-06-26 00:00:00 : 2024-05-28 00:00:00,0.042818675739367,TROW,TRV,1070785.0,1374785.0,1.250453073262314,2.4766193376426315,0,0,0,0,0,1,0,0,0,0,0,0,0,0,0,0,1,0,0,0,0,0
379,2024-06-26 00:00:00 : 2024-05-28 00:00:00,0.07580753649183204,TRV,TSCO,1374785.0,1210705.0,2.4766193376426315,7.207943957476308,0,0,0,0,0,1,0,0,0,0,0,0,0,1,0,0,0,0,0,0,0,0
380,2024-06-26 00:00:00 : 2024-05-28 00:00:00,-0.36843657791016693,TSCO,TSN,1210705.0,2402180.0,7.207943957476308,1.0544878125057198,0,0,1,0,0,0,0,0,0,0,0,0,0,0,1,0,0,0,0,0,0,0
381,2024-06-26 00:00:00 : 2024-05-28 00:00:00,-0.41087094865732154,TSN,TXN,2402180.0,4994910.0,1.0544878125057198,1.5797634486328842,0,0,0,1,0,0,0,0,0,0,0,0,0,0,0,0,0,0,0,0,1,0
382,2024-06-26 00:00:00 : 2024-05-28 00:00:00,-0.2752515134946534,TXN,TXT,4994910.0,1018035.0,1.5797634486328842,0.6297337722932578,0,0,0,0,0,0,0,0,0,1,0,0,0,0,0,0,0,0,1,0,0,0
383,2024-06-26 00:00:00 : 2024-05-28 00:00:00,0.7394328845417946,TXT,UA,1018035.0,2927776.0,0.6297337722932578,0.10440782829776626,0,0,0,0,0,0,0,1,0,0,0,0,0,1,0,0,0,0,0,0,0,0
384,2024-06-26 00:00:00 : 2024-05-28 00:00:00,0.9706196316958297,UA,UAA,2927776.0,9014140.0,0.10440782829776626,0.11829938852382212,0,0,1,0,0,0,0,0,0,0,0,0,0,1,0,0,0,0,0,0,0,0
385,2024-06-26 00:00:00 : 2024-05-28 00:00:00,-0.224710048833409,UAA,UAL,9014140.0,7083630.0,0.11829938852382212,1.8255832705914632,0,0,1,0,0,0,0,0,0,0,0,0,0,0,0,0,0,0,1,0,0,0
386,2024-06-26 00:00:00 : 2024-05-28 00:00:00,-0.6337887644264941,UAL,UDR,7083630.0,2029590.0,1.8255832705914632,0.931409324021367,0,0,0,0,0,0,0,1,0,0,0,0,0,0,0,0,0,0,0,1,0,0
387,2024-06-26 00:00:00 : 2024-05-28 00:00:00,0.7096156616210754,UDR,UHS,2029590.0,624105.0,0.931409324021367,2.403689981465906,0,0,0,0,0,0,0,0,1,0,0,0,0,0,0,0,0,1,0,0,0,0
388,2024-06-26 00:00:00 : 2024-05-28 00:00:00,0.26019171223174087,UHS,ULTA,624105.0,1073330.0,2.403689981465906,4.649388808084639,0,0,0,0,0,0,1,0,0,0,0,0,0,1,0,0,0,0,0,0,0,0
389,2024-06-26 00:00:00 : 2024-05-28 00:00:00,0.46356723011149786,ULTA,UNH,1073330.0,4170830.0,4.649388808084639,7.360747484458824,0,0,1,0,0,0,0,0,0,0,0,0,0,0,0,0,0,1,0,0,0,0
390,2024-06-26 00:00:00 : 2024-05-28 00:00:00,0.1704160715068671,UNH,UNM,4170830.0,1098105.0,7.360747484458824,1.448433576837021,0,0,0,0,0,0,1,0,0,0,0,0,0,0,0,0,1,0,0,0,0,0
391,2024-06-26 00:00:00 : 2024-05-28 00:00:00,0.8270518017645948,UNM,UNP,1098105.0,2623945.0,1.448433576837021,2.828451661186083,0,0,0,0,0,1,0,0,0,0,0,0,0,0,0,0,0,0,1,0,0,0
392,2024-06-26 00:00:00 : 2024-05-28 00:00:00,0.6473409392566216,UNP,UPS,2623945.0,4224295.0,2.828451661186083,1.4274756283882997,0,0,0,0,0,0,0,1,0,0,0,0,0,0,0,0,0,0,1,0,0,0
393,2024-06-26 00:00:00 : 2024-05-28 00:00:00,0.2989730776443546,UPS,URI,4224295.0,655675.0,1.4274756283882997,12.355281037767053,0,0,0,0,0,0,0,1,0,0,0,0,0,0,0,0,0,0,1,0,0,0
394,2024-06-26 00:00:00 : 2024-05-28 00:00:00,0.5214511850054393,URI,USB,655675.0,8439730.0,12.355281037767053,0.5382697871257373,0,0,0,0,0,0,0,1,0,0,0,0,0,0,0,0,1,0,0,0,0,0
395,2024-06-26 00:00:00 : 2024-05-28 00:00:00,0.019067662076084187,USB,V,8439730.0,8646730.0,0.5382697871257373,2.5777287910544273,0,0,0,0,0,1,0,0,0,0,0,0,0,0,0,0,1,0,0,0,0,0
396,2024-06-26 00:00:00 : 2024-05-28 00:00:00,0.4246206924392354,V,VFC,8646730.0,8591405.0,2.5777287910544273,0.5946619489143502,0,0,0,0,0,1,0,0,0,0,0,0,0,1,0,0,0,0,0,0,0,0
397,2024-06-26 00:00:00 : 2024-05-28 00:00:00,-0.38054286103846546,VFC,VLO,8591405.0,3207295.0,0.5946619489143502,2.400000560689109,0,0,1,0,0,0,0,0,0,0,0,0,0,0,0,1,0,0,0,0,0,0
398,2024-06-26 00:00:00 : 2024-05-28 00:00:00,-0.1492386264257592,VLO,VMC,3207295.0,778390.0,2.400000560689109,3.5341268268643047,0,0,0,0,1,0,0,0,0,0,0,1,0,0,0,0,0,0,0,0,0,0
399,2024-06-26 00:00:00 : 2024-05-28 00:00:00,0.029925261315462057,VMC,VNO,778390.0,1837760.0,3.5341268268643047,0.8620810989236358,1,0,0,0,0,0,0,0,0,0,0,0,0,0,0,0,0,0,0,1,0,0
400,2024-06-26 00:00:00 : 2024-05-28 00:00:00,0.781502839336725,VNO,VRSK,1837760.0,808195.0,0.8620810989236358,7.136392839020905,0,0,0,0,0,0,0,0,1,0,0,0,0,0,0,0,0,0,1,0,0,0
401,2024-06-26 00:00:00 : 2024-05-28 00:00:00,0.7682784651552519,VRSK,VRSN,808195.0,728910.0,7.136392839020905,3.332313430866517,0,0,0,0,0,0,0,1,0,0,0,0,0,0,0,0,0,0,0,0,1,0
402,2024-06-26 00:00:00 : 2024-05-28 00:00:00,0.8935071198385649,VRSN,VRTX,728910.0,1296440.0,3.332313430866517,12.078618092866073,0,0,0,0,0,0,0,0,0,1,0,0,0,0,0,0,0,1,0,0,0,0
403,2024-06-26 00:00:00 : 2024-05-28 00:00:00,0.5722863597230192,VRTX,VTR,1296440.0,2451260.0,12.078618092866073,0.6501064111324908,0,0,0,0,0,0,1,0,0,0,0,0,0,0,0,0,0,0,0,1,0,0
404,2024-06-26 00:00:00 : 2024-05-28 00:00:00,0.4338032452959819,VTR,VZ,2451260.0,17761195.0,0.6501064111324908,0.6918703109859631,0,0,0,0,0,0,0,0,1,0,0,0,1,0,0,0,0,0,0,0,0,0
405,2024-06-26 00:00:00 : 2024-05-28 00:00:00,-0.10717958938248033,VZ,WAT,17761195.0,556590.0,0.6918703109859631,9.476488549151995,0,1,0,0,0,0,0,0,0,0,0,0,0,0,0,0,0,1,0,0,0,0
406,2024-06-26 00:00:00 : 2024-05-28 00:00:00,-0.2583223306167405,WAT,WBA,556590.0,12674945.0,9.476488549151995,0.32680076218549925,0,0,0,0,0,0,1,0,0,0,0,0,0,0,0,0,0,1,0,0,0,0
407,2024-06-26 00:00:00 : 2024-05-28 00:00:00,-0.4339734118708979,WBA,WDC,12674945.0,5228310.0,0.32680076218549925,1.7748643212323396,0,0,0,0,0,0,1,0,0,0,0,0,0,0,0,0,0,0,0,0,1,0
408,2024-06-26 00:00:00 : 2024-05-28 00:00:00,-0.5994424105524631,WDC,WEC,5228310.0,2303185.0,1.7748643212323396,1.1263138930489875,0,0,0,0,0,0,0,0,0,1,0,0,0,0,0,0,0,0,0,0,0,1
409,2024-06-26 00:00:00 : 2024-05-28 00:00:00,0.4410019055496463,WEC,WFC,2303185.0,19211780.0,1.1263138930489875,0.8408591554396568,0,0,0,0,0,0,0,0,0,0,1,0,0,0,0,0,1,0,0,0,0,0
410,2024-06-26 00:00:00 : 2024-05-28 00:00:00,-0.21035922304544555,WFC,WHR,19211780.0,1740835.0,0.8408591554396568,3.372625065557919,0,0,0,0,0,1,0,0,0,0,0,0,0,1,0,0,0,0,0,0,0,0
411,2024-06-26 00:00:00 : 2024-05-28 00:00:00,0.30772063437417135,WHR,WM,1740835.0,2038690.0,3.372625065557919,4.047539885231689,0,0,1,0,0,0,0,0,0,0,0,0,0,0,0,0,0,0,1,0,0,0
412,2024-06-26 00:00:00 : 2024-05-28 00:00:00,0.6945016704963165,WM,WMB,2038690.0,6241690.0,4.047539885231689,0.7122582011699717,0,0,0,0,0,0,0,1,0,0,0,0,0,0,0,1,0,0,0,0,0,0
413,2024-06-26 00:00:00 : 2024-05-28 00:00:00,0.8570721168007908,WMB,WMT,6241690.0,15435825.0,0.7122582011699717,1.0316590431986543,0,0,0,0,1,0,0,0,0,0,0,0,0,0,1,0,0,0,0,0,0,0
414,2024-06-26 00:00:00 : 2024-05-28 00:00:00,-0.565561795876327,WMT,WRK,15435825.0,2725535.0,1.0316590431986543,1.748980099547193,0,0,0,1,0,0,0,0,0,0,0,0,0,1,0,0,0,0,0,0,0,0
415,2024-06-26 00:00:00 : 2024-05-28 00:00:00,0.6848809241946117,WRK,WU,2725535.0,3714450.0,1.748980099547193,0.29726928717675494,0,0,1,0,0,0,0,0,0,0,0,0,0,0,0,0,1,0,0,0,0,0
416,2024-06-26 00:00:00 : 2024-05-28 00:00:00,0.7948456861318107,WU,WY,3714450.0,3634285.0,0.29726928717675494,0.4838347394828806,0,0,0,0,0,1,0,0,0,0,0,0,0,0,0,0,0,0,0,1,0,0
417,2024-06-26 00:00:00 : 2024-05-28 00:00:00,0.8514693555522866,WY,WYNN,3634285.0,1863185.0,0.4838347394828806,2.114892704783421,0,0,0,0,0,0,0,0,1,0,0,0,0,1,0,0,0,0,0,0,0,0
418,2024-06-26 00:00:00 : 2024-05-28 00:00:00,0.7653481619873096,WYNN,XEL,1863185.0,3628955.0,2.114892704783421,0.8369963278975435,0,0,1,0,0,0,0,0,0,0,0,0,0,0,0,0,0,0,0,0,0,1
419,2024-06-26 00:00:00 : 2024-05-28 00:00:00,0.4705310378097489,XEL,XOM,3628955.0,18149385.0,0.8369963278975435,2.157215305129572,0,0,0,0,0,0,0,0,0,0,1,0,0,0,0,1,0,0,0,0,0,0
420,2024-06-26 00:00:00 : 2024-05-28 00:00:00,0.40138874906001165,XOM,XRAY,18149385.0,2622175.0,2.157215305129572,1.032128353675875,0,0,0,0,1,0,0,0,0,0,0,0,0,0,0,0,0,1,0,0,0,0
421,2024-06-26 00:00:00 : 2024-05-28 00:00:00,0.7395467759323114,XRAY,XRX,2622175.0,1703100.0,1.032128353675875,0.5204832125897317,0,0,0,0,0,0,1,0,0,0,0,0,0,0,0,0,0,0,0,0,1,0
422,2024-06-26 00:00:00 : 2024-05-28 00:00:00,0.4047210791263055,XRX,XYL,1703100.0,1316440.0,0.5204832125897317,1.36065729743361,0,0,0,0,0,0,0,0,0,1,0,0,0,0,0,0,0,0,1,0,0,0
423,2024-06-26 00:00:00 : 2024-05-28 00:00:00,0.09620133558242269,XYL,YUM,1316440.0,1958980.0,1.36065729743361,2.712288608445079,0,0,0,0,0,0,0,1,0,0,0,0,0,1,0,0,0,0,0,0,0,0
424,2024-06-26 00:00:00 : 2024-05-28 00:00:00,0.4701341595885576,YUM,ZBH,1958980.0,1814395.0,2.712288608445079,3.1722845578130348,0,0,1,0,0,0,0,0,0,0,0,0,0,0,0,0,0,1,0,0,0,0
425,2024-06-26 00:00:00 : 2024-05-28 00:00:00,0.2506199134673552,ZBH,ZION,1814395.0,1420295.0,3.1722845578130348,0.6286609850273911,0,0,0,0,0,0,1,0,0,0,0,0,0,0,0,0,1,0,0,0,0,0
426,2024-06-26 00:00:00 : 2024-05-28 00:00:00,-0.32345288422786694,ZION,ZTS,1420295.0,2465305.0,0.6286609850273911,3.300110526078925,0,0,0,0,0,1,0,0,0,0,0,0,0,0,0,0,0,1,0,0,0,0
